"","Stato","Inizio","Fine","Sindacati","Settore*","Categoria","Modalit√†","Rilevanza","Note","Data proclamazione","Regione","Provincia","Data ricezione"
"","Effettuato","08/01/2014","08/01/2014","OST FILT-CGIL/FIT-CISL/UILT-UIL","Ferroviario","PERSONALE GRUPPO FSI SOC. BLUFERRIES DI MESSINA","4 ORE: DALLE 8.00 ALLE 12.00","Territoriale","","20/12/2013","Sicilia","Messina","20/12/2013 17:46"
"","Effettuato","10/01/2014","10/01/2014","OSR USB LAVORO PRIVATO","Ferroviario","PERS. MOBILE SOC. TRENITALIA DIV. PASSEGGERI N/I, CARGO, DIV. REGIONALE EMILIA ROM. E OMC ETR DI BOLOGNA","1 ORA: DALLE 09.00 ALLE 10.00 - OMC 10 MIN.:9.00-9.10","Regionale","","31/12/2013","Emilia-Romagna","Tutte","31/12/2013 10:58"
"","Effettuato","13/01/2014","13/01/2014","OSR FILT-CGIL/FIT-CISL/UILT-UIL/FAST/UGL/ORSA","Ferroviario","PERSONALE INTERO GRUPPO FSI REGIONE TOSCANA","2 ORE: DALLE 16.00 ALLE 17.59","Regionale","","13/01/2014","Toscana","Tutte","13/01/2014 13:36"
"","Effettuato","17/01/2014","17/01/2014","OSR FILT-CGIL/FIT-CISL/UILT-UIL/UGL/FAST FERROVIE","Ferroviario","PERSONALE SOC. RFI SETT. MANUTENZIONE INFRASTRUTTURA DTP MILANO","8 ORE: DALLE 9.01 ALLE 17.00","Interregionale","","03/12/2013","Italia","Tutte","04/12/2013 18:38"
"","Revocato (include le azioni di revoca, sospensione e differimento)","17/01/2014","17/01/2014","OSR FILT-CGIL/FIT-CISL/UILT-UIL/FAST/UGL/ORSA","Ferroviario","PERSONALE SOC. RFI DTP FIRENZE SETT. MANUTENZIONE INFRASTRUTTURA","8 ORE","Aziendale","","17/12/2013","Toscana","Firenze","19/12/2013 11:53"
"","Effettuato","18/01/2014","19/01/2014","OSR ORSA FERROVIE","Ferroviario","PERSONALE MOBILE SOC. TRENITALIA DIV. PASSEGGERI REGIONALE VENETO","24 ORE: DALLE 21.00 DEL 18/1 ALLE 20.59 DEL 19/1","Regionale","","09/12/2013","Veneto","Tutte","09/12/2013 12:08"
"","Effettuato","20/01/2014","20/01/2014","OSR FILT-CGIL/FIT-CISL/UILT-UIL/FAST/UGL/ORSA","Ferroviario","PERS. SOC. RFI DTP FIRENZE SETT. MANUTENZIONE INFRASTRUTTURA","8 ORE: DALLE 9.00 ALLE 16.59","Aziendale","","17/12/2013","Toscana","Firenze","19/12/2013 12:29"
"","Effettuato","20/01/2014","20/01/2014","OSP FILT-CGIL","Ferroviario","PERSONALE SOC. RFI DEL DOTE DI PISA","8 ORE: DALLE 9.01 ALLE 16.59","Locale","","09/01/2014","Toscana","Pisa","09/01/2014 16:14"
"","Effettuato","24/01/2014","24/01/2014","OSR USB LAVORO PRIVATO","Ferroviario","PERSONALE SOC. TRENITALIA STABIL. OMC ETR BOLOGNA","INTERA GIORNATA","Regionale","","13/01/2014","Emilia-Romagna","Tutte","13/01/2014 10:15"
"","Revocato (include le azioni di revoca, sospensione e differimento)","24/01/2014","24/01/2014","OSR FILT-CGIL/FIT-CISL/UILT-UIL/FAST/UGL/ORSA","Ferroviario","PERSONALE SOC. TRENITALIA DI VERIFICA, MANOVRA E UMRP PASSEGGERI DI NAPOLI","8 ORE: DALLE 9.01 ALLE 17.00","Aziendale","","19/12/2013","Campania","Napoli","20/12/2013 09:36"
"","Revocato (include le azioni di revoca, sospensione e differimento)","24/01/2014","24/01/2014","OSR FILT-CGIL/FIT-CISL/UILT-UIL/FAST/UGL/ORSA","Ferroviario","PERSONALE SOC. TRENITALIA DIV. CARGO IMC MADD. MARCIANISE (CE)","8 ORE: DALLE 9.01 ALLE 17.00","Aziendale","","20/12/2013","Campania","Caserta","20/12/2013 09:34"
"","Revocato (include le azioni di revoca, sospensione e differimento)","24/01/2014","24/01/2014","OSR FILT-CGIL/FIT-CISL/UILT-UIL/UGL/FAST/ORSA","Ferroviario","PERSONALE SOC. TRENITALIA DTR CAMPANIA","8 ORE: DALLE 9.01 ALLE 17.00","Regionale","","17/12/2013","Campania","Tutte","17/12/2013 13:06"
"","Effettuato","25/01/2014","26/01/2014","OSR USB LAVORO PRIVATO","Ferroviario","PERS. MOBILE SOC. TRENITALIA DIV. PASSEGGERI N/I, CARGO, DIV. REGIONALE EMILIA ROM.","8 ORE: DALLE 21.00 DEL 25/1 ALLE 4.59 DEL 26/1","Regionale","","13/01/2014","Emilia-Romagna","Tutte","13/01/2014 10:15"
"","Effettuato","29/01/2014","29/01/2014","OSR FILT-CGIL/FIT-CISL/UILT-UIL/UGL/FAST/ORSA","Ferroviario","PERSONALE SOC. TRENITALIA DIV. PASSEGGERI N/I VENDITA DIRETTA E CUSTOMER SERVICE FRIULI VENEZIA GIULIA","8 ORE: DALLE 9.01 ALLE 17.00","Regionale","","10/01/2014","Friuli-Venezia Giulia","Tutte","10/01/2014 19:24"
"","Effettuato","06/02/2014","07/02/2014","OSR ORSA FERROVIE","Ferroviario","PERSONALE SOC. RFI DEL CEI (MILANO E SETTIMO TORINESE) E DOTE DELLA DTP MILANO","24 ORE: DALLE 21.00 DEL 6/2 ALLE 20.59 DEL 7/2","Territoriale","","22/01/2014","Lombardia","Milano","22/01/2014 17:34"
"","Revocato (include le azioni di revoca, sospensione e differimento)","06/02/2014","07/02/2014","OSR ORSA FERROVIE","Ferroviario","PERSONALE SOC. RFI DEL CEI (MILANO E SETTIMO TORINESE) E DOTE DELLA DTP MILANO","24 ORE: DALLE 21.00 DEL 6/2 ALLE 20.59 DEL 7/2","Territoriale","","14/01/2014","Lombardia","Milano","14/01/2014 17:13"
"","Revocato (include le azioni di revoca, sospensione e differimento)","09/02/2014","09/02/2014","OSR ORSA FERROVIE","Ferroviario","PERSONALE DI ACCOMPAGNAMENTO SOC. TRENITALIA DIV. PASSEGGERI REGIONALE VENETO","2 ORE: DALLE 12.00 ALLE 14.00","Regionale","","04/02/2014","Veneto","Tutte","04/02/2014 15:42"
"","Effettuato","09/02/2014","09/02/2014","OSR FIT-CISL/UILT-UIL/UGL/FAST/ORSA","Ferroviario","PERSONALE SOC. TRENITALIA DI VENDITA E ASSISTENZA DIV. PASSEGGERI N/I REG. LIGURIA","8 ORE: DALLE 9.01 ALLE 17.00","Regionale","","29/01/2014","Liguria","Tutte","29/01/2014 14:31"
"","Effettuato","10/02/2014","10/02/2014","OSR FILT-CGIL/FIT-CISL/UILT-UIL/FAST/ORSA","Ferroviario","PERSONALE SOC. TRENITALIA DIV. CARGO AREA TRIESTE","8 ORE: DALLE 9.01 ALLE 17.00","Regionale","","17/01/2014","Friuli-Venezia Giulia","Tutte","30/01/2014 17:39"
"","Effettuato","14/02/2014","14/02/2014","OSR FILT-CGIL/FIT-CISL/UILT-UIL/FAST/UGL/ORSA","Ferroviario","PERSONALE SOC. TRENITALIA DIV. CARGO IMC MADD. MARCIANISE (CE)","8 ORE: DALLE 9.01 ALLE 17.00","Aziendale","","17/01/2014","Campania","Caserta","17/01/2014 11:06"
"","Effettuato","14/02/2014","14/02/2014","OSR FILT-CGIL/FIT-CISL/UILT-UIL/FAST/UGL/ORSA","Ferroviario","PERSONALE SOC. TRENITALIA DI VERIFICA, MANOVRA E UMRP PASSEGGERI DI NAPOLI","8 ORE: DALLE 9.01 ALLE 17.00","Regionale","","17/01/2014","Campania","Tutte","17/01/2014 11:06"
"","Revocato (include le azioni di revoca, sospensione e differimento)","17/02/2014","17/02/2014","OSR ORSA","Ferroviario","PERSONALE SOC. TRENITALIA OMC DI VOGHERA (PV)","8 ORE","Locale","","03/02/2014","Lombardia","Pavia","03/02/2014 17:36"
"","Revocato (include le azioni di revoca, sospensione e differimento)","17/02/2014","17/02/2014","OSR FILT-CGIL/FIT-CISL/UILT-UIL/UGL/FAST","Ferroviario","PERSONALE SOC. TRENITALIA OMC DI VOGHERA (PV)","8 ORE","Locale","","22/01/2014","Lombardia","Pavia","23/01/2014 15:05"
"","Effettuato","17/02/2014","18/02/2014","OST FILT-CGIL/FIT-CISL/UILT-UIL","Ferroviario","PERSONALE GRUPPO FSI SOC. BLUFERRIES DI MESSINA","24 ORE: DALLE 5.00 DEL 17/2 ALLE 5.00 DEL 18/2","Territoriale","","21/01/2014","Sicilia","Messina","21/01/2014 14:13"
"","Effettuato","23/02/2014","23/02/2014","OSC FILT-CGIL","Ferroviario","PERSONALE SOC. TRENITALIA DI MANOVRA DEL TRASPORTO REGIONALE STAZIONE DI SAVONA","8 ORE: DALLE 9.00 ALLE 17.00","Territoriale","","12/02/2014","Liguria","Salerno","12/02/2014 16:12"
"","Effettuato","27/02/2014","27/02/2014","OSR FILT-CGIL/FIT-CISL/UILT-UIL/UGL/FAST/ORSA","Ferroviario","PERSONALE SOC. TRENITALIA DIV. CARGO DELLA REGIONE VENETO","8 ORE: DALLE 9.01 ALLE 17.00","Regionale","","29/01/2014","Veneto","Tutte","29/01/2014 11:59"
"","Effettuato","03/03/2014","03/03/2014","OSR ORSA","Ferroviario","PERSONALE SOC. TRENITALIA OMC DI VOGHERA (PV)","INTERA PRESTAZIONE LAVORATIVA DI 8 ORE","Locale","","10/02/2014","Lombardia","Pavia","10/02/2014 12:13"
"","Revocato (include le azioni di revoca, sospensione e differimento)","03/03/2014","03/03/2014","OSR FILT-CGIL/FIT-CISL/UILT-UIL/UGL/FAST","Ferroviario","PERSONALE SOC. TRENITALIA OMC DI VOGHERA (PV)","INTERA PRESTAZIONE LAVORATIVA DI 8 ORE","Aziendale","","11/02/2014","Lombardia","Pavia","11/02/2014 11:26"
"","Revocato (include le azioni di revoca, sospensione e differimento)","11/03/2014","11/03/2014","OSR FILT-CGIL/FIT-CISL/UILT-UIL/UGL/FAST","Ferroviario","PERSONALE SOC. TRENITALIA MANUTENZIONE ROTABILI DIVISIONE PASSEGGERI REGIONALE LIGURIA","INTERA PRESTAZIONE LAVORATIVA","Regionale","","26/02/2014","Liguria","Tutte","26/02/2014 09:09"
"","Effettuato","14/03/2014","14/03/2014","USB LAVORO PRIVATO","Ferroviario","PERSONALE GRUPPO FSI E TRENORD","8 ORE: DALLE 9.01 ALLE 16.59","Nazionale","","04/03/2014","Italia","Tutte","04/03/2014 15:42"
"","Effettuato","14/03/2014","14/03/2014","ORSA FERROVIE","Ferroviario","PERSONALE ADDETTO A CIRCOLAZIONE TRENI E MANUTENZIONE SOCC. TRENITALIA, RFI, NTV E TRENORD","8 ORE: DALLE 9.01 ALLE 16.59","Nazionale","","29/01/2014","Italia","Tutte","29/01/2014 20:00"
"","Effettuato","14/03/2014","14/03/2014","COORD. REG. USB LAVORO PRIVATO","Ferroviario","PERSONALE MOBILE SOC. TRENITALIA IMPIANTI REGIONI PUGLIA E BASILICATA","8 ORE: DALLE 9.01 ALLE 16.59","Interregionale","","03/03/2014","Italia","Tutte","04/03/2014 17:07"
"","Effettuato","14/03/2014","14/03/2014","OSR ORSA FERROVIE","Ferroviario","PERSONALE SOC. TRENORD","8 ORE: DALLE 9.01 ALLE 16.59","Regionale","","28/02/2014","Lombardia","Tutte","28/02/2014 17:12"
"","Revocato (include le azioni di revoca, sospensione e differimento)","14/03/2014","14/03/2014","OSR ORSA","Ferroviario","PERSONALE GRUPPO FSI SOC. BLUFERRIES DI MESSINA","4 ORE: DALLE 9.00 ALLE 13.00","Territoriale","","04/03/2014","Sicilia","Messina","04/03/2014 15:59"
"","Revocato (include le azioni di revoca, sospensione e differimento)","14/03/2014","14/03/2014","ORSA FERROVIE","Ferroviario","PERSONALE ADDETTO A CIRCOLAZIONE TRENI DELLE IMPRESE FERROVIARIE ADIBITE AL SERVIZIO MERCI","8 ORE: DALLE 9.01 ALLE 16.59","Nazionale","","25/02/2014","Italia","Tutte","26/02/2014 11:49"
"","Effettuato","14/03/2014","14/03/2014","OSR ORSA NAVIGAZIONE/FAST-CONFSAL","Ferroviario","PERSONALE SOC. RFI IMPIANTO NAVIGAZIONE DI MESSINA","8 ORE: DALLE 9.01 ALLE 16.59","Territoriale","","18/02/2014","Sicilia","Messina","18/02/2014 18:52"
"","Effettuato","14/03/2014","14/03/2014","OSR USB LAVORO PRIVATO","Ferroviario","PERSONALE MOBILE SOC. TRENITALIA DIV. PASSEGGERI, REGIONALE E CARGO EMILIA ROMAGNA E STABIL. OMC ETR BOLOGNA","8 ORE: DALLE 9.01 ALLE 16.59 - STABIL. INTERA GIORNATA","Regionale","","04/03/2014","Emilia-Romagna","Tutte","04/03/2014 11:20"
"","Revocato (include le azioni di revoca, sospensione e differimento)","14/03/2014","14/03/2014","CAT COORD. AUTORGANIZZATO TRASPORTI","Ferroviario","PERSONALE AZIENDE INTERO SETTORE FERROVIARIO","1 ORA: DALLE 15.59 ALLE 16.59","Nazionale","","17/02/2014","Italia","Tutte","17/02/2014 18:30"
"","Effettuato","14/03/2014","14/03/2014","OSR ORSA FERROVIE","Ferroviario","PERSONALE MOBILE SOC. TRENITALIA REGIONE LAZIO","8 ORE: DALLE 9.01 ALLE 16.59","Regionale","","28/02/2014","Lazio","Tutte","28/02/2014 13:00"
"","Effettuato","14/03/2014","14/03/2014","COORD.NAZ. RSU/RLS PERS. MOBILE","Ferroviario","PERSONALE FERROVIARIO DEL GRUPPO FSI, NTV E TRENORD","8 ORE: DALLE 9.01 ALLE 16.59","Nazionale","","03/03/2014","Italia","Tutte","03/03/2014 18:44"
"","Effettuato","14/03/2014","14/03/2014","CAT COORD. AUTORGANIZZATO TRASPORTI","Ferroviario","PERSONALE AZIENDE INTERO SETTORE FERROVIARIO","4 ORE: DALLE 11.00 ALLE 15.00","Nazionale","","28/02/2014","Italia","Tutte","28/02/2014 13:12"
"","Effettuato","14/03/2014","14/03/2014","CUB TRASPORTI","Ferroviario","PERSONALE FERROVIARIO DEL GRUPPO FSI, NTV E TRENORD","8 ORE: DALLE 9.01 ALLE 16.59","Nazionale","","03/03/2014","Italia","Tutte","03/03/2014 17:20"
"","Effettuato","24/03/2014","25/03/2014","OSR FIT-CISL/UILT-UIL/UGL/ORSA","Ferroviario","PERSONALE SOC. TRENITALIA BIGLIETTERIE ED UFFICI ASSISTENZA DIV. PASSEGGERI N/I REG. LIGURIA","24 ORE: DALLE 21.01 DEL 24/3 ALLE 21.00 DEL 25/3","Regionale","","28/02/2014","Liguria","Tutte","14/03/2014 15:28"
"","Revocato (include le azioni di revoca, sospensione e differimento)","24/03/2014","25/03/2014","OSC FILT-CGIL","Ferroviario","PERSONALE SOC. TRENITALIA DI MANOVRA DEL TRASPORTO REGIONALE STAZIONE DI SAVONA","24 ORE: DALLE 21.00 DEL 24/3 ALLE 21.00 DEL 25/3","Aziendale","","05/03/2014","Liguria","Salerno","05/03/2014 11:46"
"","Revocato (include le azioni di revoca, sospensione e differimento)","25/03/2014","25/03/2014","OSR FILT-CGIL/FIT-CISL/UILT-UIL/UGL/FAST/ORSA","Ferroviario","PERSONALE SOC. TRENITALIA MANUTENZIONE E MANOVRA DIREZIONE TRASPORTO REGIONALE LIGURIA","8 ORE: DALLE 9.01 ALLE 17.00","Regionale","","28/02/2014","Liguria","Tutte","28/02/2014 14:19"
"","Effettuato","26/03/2014","27/03/2014","OSR FILT-CGIL/FIT-CISL/UILT-UIL/UGL/FAST/ORSA","Ferroviario","PERSONALE SOC. TRENITALIA DIV. CARGO DELLA REGIONE VENETO","24 ORE: DALLE 21.00 DEL 26/3 ALLE 21.00 DEL 27/3","Regionale","","04/03/2014","Veneto","Tutte","04/03/2014 09:49"
"","Effettuato","27/03/2014","27/03/2014","OSR FILT-CGIL/FIT-CISL/UILT-UIL/UGL/FAST/ORSA","Ferroviario","PERSONALE BIGLIETTERIE ED ASSISTENZA SOC. TRENITALIA DIV. PASSEGGERI L/H DEL VENETO","8 ORE: DALLE 9.01 ALLE 17.00","Regionale","","05/03/2014","Veneto","Tutte","05/03/2014 10:26"
"","Revocato (include le azioni di revoca, sospensione e differimento)","28/03/2014","28/03/2014","CAT COORD. AUTORGANIZZATO TRASPORTI","Ferroviario","PERSONALE AZIENDE INTERO SETTORE FERROVIARIO","4 ORE: DALLE 13.00 ALLE 17.00","Nazionale","","29/01/2014","Italia","Tutte","29/01/2014 13:49"
"","Revocato (include le azioni di revoca, sospensione e differimento)","08/04/2014","08/04/2014","OST FILT-CGIL/FIT-CISL/UILT-UIL","Ferroviario","PERSONALE SOC. TRENITALIA DEL TERRITORIO DI MESSINA","8 ORE: DALLE 9.01 ALLE 16.59","Territoriale","","17/02/2014","Sicilia","Messina","17/02/2014 11:13"
"","Effettuato","11/04/2014","11/04/2014","OSR FIT-CISL/UGL/ORSA","Ferroviario","PERSONALE MOBILE SOC. TRENITALIA REGIONI PIEMONTE E VALLE D'AOSTA, DIV.  CARGO PIEMONTE E DIV. PASSEGGERI L.H. IMCC TORINO","8 ORE: DALLE 9.01 ALLE 17.00","Interregionale","","14/03/2014","Italia","Tutte","14/03/2014 15:00"
"","Revocato (include le azioni di revoca, sospensione e differimento)","11/04/2014","11/04/2014","OSR FILT-CGIL/UILT-UIL/FAST + RSU","Ferroviario","PERSONALE DI MACCHINA E DI BORDO SOC. TRENITALIA DIV. PASSEGGERI REGIONALE PIEMONTE","8 ORE: DALLE 9.01 ALLE 17.00","Regionale","","28/03/2014","Piemonte","Tutte","28/03/2014 16:14"
"","Effettuato","11/04/2014","11/04/2014","OSR FILT-CGIL/UILT-UIL/FAST FERROVIE + RSU","Ferroviario","PERSONALE SOC. TRENITALIA DIV. CARGO PIEMONTE","8 ORE: DALLE 09.01 ALLE 17.00","Regionale","","31/03/2014","Piemonte","Tutte","31/03/2014 16:29"
"","Revocato (include le azioni di revoca, sospensione e differimento)","11/04/2014","11/04/2014","ORSA FERROVIE","Ferroviario","PERSONALE IMPIANTI FISSI SOCC. TRENITALIA E RFI DELLA MANUTENZIONE DELLE INFRASTRUTTURE E DEI ROTABILI","8 ORE: DALLE 9.01 ALLE 16.59","Nazionale","","21/03/2014","Italia","Tutte","21/03/2014 15:57"
"","Revocato (include le azioni di revoca, sospensione e differimento)","11/04/2014","11/04/2014","OSR FIT-CISL/UGL/ORSA","Ferroviario","PERSONALE MOBILE SOC. TRENITALIA REGIONI PIEMONTE E VALLE D'AOSTA","8 ORE: DALLE 9.01 ALLE 17.00","Interregionale","","03/03/2014","Italia","Tutte","03/03/2014 14:35"
"","Revocato (include le azioni di revoca, sospensione e differimento)","11/04/2014","11/04/2014","OSR UILT-UIL","Ferroviario","PERSONALE SOC. TRENITALIA  DIV. CARGO LOMBARDIA","8 ORE: DALLE 9.01 ALLE 16.59","Regionale","","04/03/2014","Lombardia","Tutte","04/03/2014 12:38"
"","Effettuato","12/04/2014","13/04/2014","ORSA FERROVIE","Ferroviario","PERSONALE ADDETTO A CIRCOLAZIONE TRENI E MANUTENZIONE SOCC. TRENITALIA, RFI, NTV E TRENORD","24 ORE: DALLE 21.01 DEL 12/4 ALLE 20.59 DEL 13/4","Nazionale","ESCLUSO AMBITO TERRITORIALE DEL PIEMONTE E VALLE D'AOSTA","21/03/2014","Italia","Tutte","21/03/2014 15:27"
"","Effettuato","12/04/2014","13/04/2014","COORD.NAZ. RSU/RLS PERS. MOBILE","Ferroviario","PERSONALE MOBILE IMPRESE GRUPPO FSI, NTV E TRENORD","24 ORE: DALLE 21.00 DEL 12/4 ALLE 20.59 DEL 13/4","Nazionale","ESCLUSO SETTORE MERCI","29/03/2014","Italia","Tutte","29/03/2014 19:49"
"","Effettuato","12/04/2014","13/04/2014","CAT","Ferroviario","PERSONALE SOCC. FERROVIARIE GRUPPO FSI, NTV, TRENORD","24 ORE: DALLE 21.00 DEL 12/4 ALLE 21.00 DEL 13/4","Nazionale","ESCLUSO PERSONALE TRENITALIA DIV. CARGO E AMBITO TERRITORIALE PIEMONTE E VALLE D'AOSTA","17/03/2014","Italia","Tutte","17/03/2014 00:02"
"","Effettuato","12/04/2014","13/04/2014","COORD. REG. USB LAVORO PRIVATO","Ferroviario","PERSONALE MOBILE SOC. TRENITALIA IMPIANTI REGIONI PUGLIA E BASILICATA ( EX COMP.TO DI BARI)","24 ORE: DALLE 21.01 DEL 12/4 ALLE 20.59 DEL 13/4","Interregionale","ESCLUSO PERSONALE DIV. CARGO SOC. TRENITALIA","01/04/2014","Italia","Tutte","01/04/2014 10:14"
"","Effettuato","12/04/2014","13/04/2014","OSR ORSA FERROVIE","Ferroviario","PERSONALE MOBILE SOC. TRENITALIA DIV. PASSEGGERI REGIONALE VENETO","24 ORE: DALLE 21.01 DEL 12/4 ALLE 20.59 DEL 13/4","Regionale","","02/04/2014","Veneto","Tutte","02/04/2014 12:22"
"","Effettuato","12/04/2014","13/04/2014","USB LAVORO PRIVATO","Ferroviario","PERSONALE GRUPPO FSI E TRENORD","24 ORE: DALLE 21.01 DEL 12/4 ALLE 20.59 DEL 13/4","Nazionale","ESCLUSO PERSONALE TRENITALIA DIV. CARGO - ESCLUSO AMBITO TERRITORIALE PIEMONTE E VALLE D'AOSTA","31/03/2014","Italia","Tutte","31/03/2014 14:25"
"","Effettuato","12/04/2014","13/04/2014","OSR ORSA FERROVIE","Ferroviario","PERSONALE SOC. TRENORD","24 ORE: DALLE 21.01 DEL 12/4 ALLE 20.59 DEL 13/4","Regionale","","31/03/2014","Lombardia","Tutte","31/03/2014 16:18"
"","Effettuato","12/04/2014","13/04/2014","CUB TRASPORTI","Ferroviario","PERSONALE FERROVIARIO DEL GRUPPO FSI, NTV E TRENORD","24 ORE: DALLE 21.00 DEL 12/4 ALLE 20.59 DEL 13/4","Nazionale","ESCLUSO PERSONALE DIV. CARGO SOC. TRENITALIA E AMBITO TERRITORIALE DEL PIEMONTE E VALLE D'AOSTA","31/03/2014","Italia","Tutte","31/03/2014 18:37"
"","Effettuato","15/04/2014","16/04/2014","CAT","Ferroviario","PERSONALE SOCC. FERROVIARIE TRASPORTO MERCI","24 ORE: DALLE 21.00 DEL 15/4 ALLE 21.00 DEL 16/4","Nazionale","","17/03/2014","Italia","Tutte","17/03/2014 00:02"
"","Effettuato","15/04/2014","16/04/2014","USB LAVORO PRIVATO","Ferroviario","PERSONALE DIVISIONE CARGO SOC. TRENITALIA","24 ORE: DALLE 21.01 DEL 15/4 ALLE 20.59 DEL 16/4","Nazionale","","05/04/2014","Italia","Tutte","05/04/2014 14:00"
"","Effettuato","15/04/2014","16/04/2014","COORD. REG. USB LAVORO PRIVATO","Ferroviario","PERSONALE SOC. TRENITALIA IMPIANTO TRENO CARGO REGIONI PUGLIA E BASILICATA","24 ORE: DALLE 21.01 DEL 15/4 ALLE 20.59 DEL 16/4","Interregionale","","05/04/2014","Italia","Tutte","05/04/2014 12:48"
"","Effettuato","15/04/2014","16/04/2014","ORSA FERROVIE","Ferroviario","PERSONALE ADDETTO AL TRASPORTO MERCI SOC. TRENITALIA","24 ORE: DALLE 21.00 DEL 15/4 ALLE 20.59 DEL 16/4","Nazionale","","21/03/2014","Italia","Tutte","21/03/2014 16:25"
"","Effettuato","15/04/2014","16/04/2014","ORSA FERROVIE","Ferroviario","PERSONALE DI MACCHINA, MANOVRA E FORMAZIONE TRENI DELLE IMPRESE FERROVIARIE ADIBITE AL SERVIZIO MERCI","24 ORE: DALLE 21.01 DEL 15/4 ALLE 20.59 DEL 16/4","Nazionale","","01/04/2014","Italia","Tutte","01/04/2014 16:22"
"","Revocato (include le azioni di revoca, sospensione e differimento)","15/04/2014","16/04/2014","ORSA FERROVIE","Ferroviario","PERSONALE ADDETTO A CIRCOLAZIONE TRENI DELLE IMPRESE FERROVIARIE ADIBITE AL SERVIZIO MERCI","24 ORE: DALLE 21.00 DEL 15/4 ALLE 20.59 DEL 16/4","Nazionale","","03/03/2014","Italia","Tutte","03/03/2014 19:27"
"","Revocato (include le azioni di revoca, sospensione e differimento)","15/04/2014","16/04/2014","ORSA FERROVIE","Ferroviario","PERSONALE ADDETTO A CIRCOLAZIONE TRENI E MANUTENZIONE SOCC. TRENITALIA, RFI, NTV E TRENORD","24 ORE: DALLE 21.01 DEL 15/4 ALLE 20.59 DEL 16/4","Nazionale","","17/03/2014","Italia","Tutte","17/03/2014 10:02"
"","Effettuato","11/05/2014","11/05/2014","OSR FILT-CGIL/FIT-CISL/UILT-UIL/UGL/FAST/ORSA + RSU 63","Ferroviario","PERSONALE MOBILE SOC. TRENITALIA DIV. PASSEGGERI REGIONALE DELL'EMILIA ROMAGNA","8 ORE: DALLE 9.01 ALLE 17.00","Regionale","","17/03/2014","Emilia-Romagna","Tutte","20/03/2014 15:59"
"","Effettuato","12/05/2014","14/05/2014","OST FILT-CGIL/FIT-CISL/UILT-UIL","Ferroviario","PERSONALE GRUPPO FSI SOC. BLUFERRIES DI MESSINA","48 ORE: DALLE 4.00 DEL 12/5 ALLE 4.00 DEL 14/5","Territoriale","","26/03/2014","Sicilia","Messina","26/03/2014 16:44"
"","Revocato (include le azioni di revoca, sospensione e differimento)","14/05/2014","14/05/2014","OSR FILT-CGIL/FIT-CISL/UILT-UIL/UGL/FAST/ORSA","Ferroviario","PERSONALE GRUPPO FSI REG. CALABRIA","8 ORE: DALLE 9.01 ALLE 17.00","Regionale","","15/04/2014","Calabria","Tutte","16/04/2014 08:57"
"","Effettuato","15/05/2014","16/05/2014","OSR FIT-CISL/UGL/ORSA","Ferroviario","PERSONALE MOBILE SOC. TRENITALIA REGIONI PIEMONTE E VALLE D'AOSTA, DIV.  CARGO PIEMONTE E DIV. PASSEGGERI L.H. IMCC TORINO","24 ORE: DALLE 21.00 DEL 15/5 ALLE 21.00 DEL 16/5","Interregionale","","22/04/2014","Italia","Tutte","22/04/2014 16:03"
"","Effettuato","17/05/2014","18/05/2014","OSR ORSA FERROVIE","Ferroviario","PERSONALE DI VENDITA ED ASSISTENZA SOC. TRENITALIA DIV. PASSEGGERI L/H DEL VENETO","24 ORE: DALLE 21.00 DEL 17/5 ALLE 20.59 DEL 18/5","Regionale","","07/05/2014","Veneto","Tutte","07/05/2014 11:39"
"","Revocato (include le azioni di revoca, sospensione e differimento)","21/05/2014","22/05/2014","OSR FILT-CGIL/FIT-CISL/UILT-UIL/UGL/FAST FERROVIE","Ferroviario","PERSONALE SOC. TRENITALIA DIV. CARGO DELLA REGIONE VENETO","24 ORE: DALLE 21.00 DEL 21/5 ALLE 21.00 DEL 22/5","Regionale","","24/04/2014","Veneto","Tutte","24/04/2014 14:25"
"","Effettuato","22/05/2014","22/05/2014","OSR FILT-CGIL/FIT-CISL/UILT-UIL/UGL/FAST/ORSA + RSU 83","Ferroviario","PERSONALE SOC. TRENITALIA DIV. CARGO EMILIA ROMAGNA","8 ORE: DALLE 9.01 ALLE 17.00","Regionale","ESCLUSO PERS. IMC BOLOGNA S.D.","04/04/2014","Emilia-Romagna","Tutte","04/04/2014 09:39"
"","Revocato (include le azioni di revoca, sospensione e differimento)","23/05/2014","23/05/2014","OSR UILT-UIL","Ferroviario","PERSONALE SOC. TRENITALIA  DIV. CARGO LOMBARDIA","8 ORE: DALLE 9.01 ALLE 16.59","Regionale","","16/04/2014","Lombardia","Tutte","16/04/2014 16:45"
"","Revocato (include le azioni di revoca, sospensione e differimento)","24/05/2014","25/05/2014","OSR FILT-CGIL/FIT-CISL/UILT-UIL/UGL TRASPORTI/FAST FERROVIE","Ferroviario","PERSONALE DI BORDO SOC. TRENITALIA DIV. PASSEGGERI REGIONALE VENETO","24 ORE: DALLE 21.01 DEL 24/5 ALLE 21.00 DEL 25/5","Regionale","","04/04/2014","Veneto","Tutte","04/04/2014 12:33"
"","Revocato (include le azioni di revoca, sospensione e differimento)","24/05/2014","25/05/2014","OSR FILT-CGIL/FIT-CISL/UILT-UIL/UGL TRASPORTI/FAST FERROVIE","Ferroviario","PERSONALE DI BORDO SOC. TRENITALIA DIV. PASSEGGERI REGIONALE VENETO","24 ORE: DALLE 21.01 DEL 24/5 ALLE 21.00 DEL 25/5","Regionale","","14/04/2014","Veneto","Tutte","14/04/2014 12:41"
"","Effettuato","28/05/2014","29/05/2014","ORSA FERROVIE","Ferroviario","PERSONALE ADDETTO A CIRCOLAZIONE TRENI DELLE IMPRESE FERROVIARIE ADIBITE AL SERVIZIO MERCI","24 ORE: DALLE 21.01 DEL 28/5 ALLE 20.59 DEL 29/5","Nazionale","","19/04/2014","Italia","Tutte","19/04/2014 00:00"
"","Effettuato","29/05/2014","29/05/2014","USB LAVORO PRIVATO","Ferroviario","PERSONALE GRUPPO FSI E TRENORD","21 ORE: DALLE 00.01 ALLE 20.59","Nazionale","","16/05/2014","Italia","Tutte","16/05/2014 09:44"
"","Effettuato","29/05/2014","29/05/2014","OSR ORSA FERROVIE","Ferroviario","PERSONALE SOC. TRENITALIA IMC ES*ROMA DELL'ESERCIZIO FRECCIARGENTO DI ROMA","8 ORE: DALLE 9.00 ALLE 17.00","Interregionale","","09/05/2014","Italia","Tutte","09/05/2014 16:03"
"","Effettuato","29/05/2014","29/05/2014","ORSA FERROVIE","Ferroviario","PERSONALE ADDETTO A CIRCOLAZIONE E MANUTENZIONE SOCC. TRENITALIA, RFI, NTV E TRENORD","21 ORE: DALLE 00.01 ALLE 20.59","Nazionale","ESCLUSO PERSONALE SOC. TRENITALIA DIV. CARGO","17/04/2014","Italia","Tutte","17/04/2014 12:25"
"","Revocato (include le azioni di revoca, sospensione e differimento)","29/05/2014","30/05/2014","ORSA FERROVIE","Ferroviario","PERSONALE ADDETTO A CIRCOLAZIONE E MANUTENZIONE SOCC. TRENITALIA, RFI, NTV E TRENORD","24 ORE: DALLE 21.01 DEL 29/5 ALLE 20.59 DEL 30/5","Nazionale","ESCLUSO PERSONALE SOC. TRENITALIA DIV. CARGO","16/04/2014","Italia","Tutte","16/04/2014 00:00"
"","Revocato (include le azioni di revoca, sospensione e differimento)","29/05/2014","29/05/2014","ORSA FERROVIE","Ferroviario","PERSONALE DI BORDO, FORMAZIONE E CONTROLLORI DI PROTEZIONE AZIENDALE SOC. TRENITALIA","8 ORE: DALLE 9.01 ALLE 16.59","Nazionale","","24/05/2014","Italia","Tutte","24/05/2014 08:56"
"","Effettuato","29/05/2014","29/05/2014","COORD. REG. USB LAVORO PRIVATO","Ferroviario","PERSONALE MOBILE SOC. TRENITALIA IMPIANTI REGIONI PUGLIA E BASILICATA ( EX COMP.TO DI BARI)","21 ORE: DALLE 00.01 ALLE 20.59","Interregionale","","15/05/2014","Italia","Tutte","15/05/2014 11:25"
"","Revocato (include le azioni di revoca, sospensione e differimento)","30/05/2014","30/05/2014","OSR FAST FERROVIE/UGL","Ferroviario","PERSONALE SOC. TRENITALIA DELLA IMC DI MILANO","8 ORE: DALLE 9.01 ALLE 16.59","Locale","","29/04/2014","Lombardia","Milano","29/04/2014 13:37"
"","Revocato (include le azioni di revoca, sospensione e differimento)","30/05/2014","30/05/2014","OSR FILT-CGIL/FIT-CISL/UILT-UIL/UGL/FAST FERROVIE","Ferroviario","PERSONALE SETTORE UFFICI SOC. FERSERVIZI ZONA NORD OVEST SEDE DI MILANO","8 ORE: DALLE 9.01 ALLE 16.59","Locale","","09/05/2014","Lombardia","Milano","09/05/2014 16:13"
"","Revocato (include le azioni di revoca, sospensione e differimento)","03/06/2014","03/06/2014","OST FILT-CGIL/FIT-CISL/UILT-UIL/ORSA FERROVIE/FAST-CONFSAL/SASMANT","Ferroviario","PERSONALE SOC. RFI IMPIANTO NAVIGAZIONE DI MESSINA","8 ORE: DALLE 9.01 ALLE 16.59","Locale","","12/05/2014","Sicilia","Messina","12/05/2014 15:21"
"","Revocato (include le azioni di revoca, sospensione e differimento)","11/06/2014","12/06/2014","OSR FILT-CGIL/FIT-CISL/UILT-UIL/UGL/FAST FERROVIE","Ferroviario","PERSONALE SOC. TRENITALIA DIV. CARGO DELLA REGIONE VENETO","24 ORE: DALLE 21.00 DELL'11/6 ALLE 21.00 DEL 12/6","Regionale","","16/05/2014","Veneto","Tutte","16/05/2014 11:44"
"","Effettuato","11/06/2014","12/06/2014","OSC FILT-CGIL","Ferroviario","PERSONALE SOC. TRENITALIA DI MANOVRA DEL TRASPORTO REGIONALE STAZIONE DI SAVONA","24 ORE: DALLE 21.00 DELL'11/6 ALLE 21.00 DEL 12/6","Territoriale","","15/05/2014","Liguria","Tutte","15/05/2014 11:57"
"","Effettuato","11/06/2014","11/06/2014","OSR ORSA FERROVIE","Ferroviario","PERSONALE SOC. TRENITALIA DELL'ASSISTENZA DI ROMA TERMINI E ROMA TIBURTINA","8 ORE: DALLE 9.01 ALLE 16.59","Locale","","29/05/2014","Lazio","Roma","29/05/2014 09:54"
"","Effettuato","12/06/2014","13/06/2014","OSR FILT-CGIL/FIT-CISL/UILT-UIL/UGL/FAST FERROVIE","Ferroviario","PERSONALE SOC. RFI MANUTENZIONE E DOTE DTP MILANO","24 ORE: DALLE 21.00 DEL 12/6 ALLE 21.00 DEL 13/6","Interregionale","","14/04/2014","Italia","Tutte","14/04/2014 15:37"
"","Effettuato","13/06/2014","13/06/2014","OSR FILT-CGIL/FIT-CISL/UILT-UIL/UGL/FAST FERROVIE","Ferroviario","PERSONALE SOC. RFI CIRCOLAZIONE DTP MILANO","8 ORE: DALLE 09.01 ALLE 17.00","Interregionale","","14/04/2014","Italia","Tutte","14/04/2014 15:37"
"","Revocato (include le azioni di revoca, sospensione e differimento)","14/06/2014","15/06/2014","CAT","Ferroviario","PERSONALE SOCC. FERROVIARIE GRUPPO FSI, NTV, TRENORD","24 ORE: DALLE 21.00 DEL 14/6 ALLE 21.00 DEL 15/6","Nazionale","ESCLUSO PERSONALE TRENITALIA DIV. CARGO","30/05/2014","Italia","Tutte","30/05/2014 02:57"
"","Revocato (include le azioni di revoca, sospensione e differimento)","14/06/2014","15/06/2014","CUB TRASPORTI","Ferroviario","PERSONALE FERROVIARIO DEL GRUPPO FSI, NTV E TRENORD","24 ORE: DALLE 21.00 DEL 14/6 ALLE 20.59 DEL 15/6","Nazionale","ESCLUSO PERSONALE DIV. CARGO SOC. TRENITALIA","30/05/2014","Italia","Tutte","30/05/2014 16:27"
"","Revocato (include le azioni di revoca, sospensione e differimento)","14/06/2014","15/06/2014","CAT","Ferroviario","PERSONALE SOCC. FERROVIARIE GRUPPO FSI, NTV, TRENORD","24 ORE: DALLE 21.00 DEL 14/6 ALLE 21.00 DEL 15/6","Nazionale","ESCLUSO PERSONALE DIV. CARGO SOC. TRENITALIA","15/05/2014","Italia","Tutte","15/05/2014 18:37"
"","Effettuato","14/06/2014","15/06/2014","OSR FILT-CGIL/FIT-CISL/UILT-UIL/UGL TRASPORTI/FAST FERROVIE","Ferroviario","PERSONALE DI BORDO SOC. TRENITALIA DIV. PASSEGGERI REGIONALE VENETO","24 ORE: DALLE 21.01 DEL 14/6 ALLE 21.00 DEL 15/6","Regionale","","29/04/2014","Veneto","Tutte","29/04/2014 10:52"
"","Effettuato","15/06/2014","15/06/2014","OSR FILT-CGIL/FIT-CISL/UILT-UIL/UGL/FAST/ORSA","Ferroviario","PERSONALE SOC. TRENITALIA OPERANTE NELLA BIGLIETTERIA ASSISTENZA DI PISA","8 ORE: DALLE 9.00 ALLE 16.59","Locale","","23/05/2014","Toscana","Pisa","27/05/2014 16:47"
"","Revocato (include le azioni di revoca, sospensione e differimento)","18/06/2014","19/06/2014","CAT","Ferroviario","PERSONALE SOCC. FERROVIARIE TRASPORTO MERCI","24 ORE: DALLE 21.00 DEL 18/6 ALLE 21.00 DEL 19/6","Nazionale","","30/05/2014","Italia","Tutte","30/05/2014 02:57"
"","Revocato (include le azioni di revoca, sospensione e differimento)","20/06/2014","20/06/2014","OSR FAST FERROVIE/UGL","Ferroviario","PERSONALE SOC. TRENITALIA DELLA IMC DI MILANO","8 ORE: DALLE 9.00 ALLE 16.59","Locale","","15/05/2014","Lombardia","Milano","15/05/2014 10:23"
"","Effettuato","23/06/2014","23/06/2014","OSR FILT-CGIL/FIT-CISL/UILT-UIL/UGL/FAST/ORSA","Ferroviario","PERSONALE SOC. TRENITALIA DIV. CARGO CAMPANIA","8 ORE: DALLE 9.01 ALLE 16.59","Regionale","","05/06/2014","Campania","Tutte","05/06/2014 17:51"
"","Effettuato","24/06/2014","24/06/2014","OSR FAST FERROVIE","Ferroviario","PERSONALE DI MANUTENZIONE SOC. TRENITALIA DIV. PASSEGGERI LH IMC ETR DI NAPOLI","8 ORE: DALLE 9.01 ALLE 16.59","Regionale","","14/06/2014","Campania","Tutte","14/06/2014 11:35"
"","Revocato (include le azioni di revoca, sospensione e differimento)","25/06/2014","25/06/2014","OST FILT-CGIL/FIT-CISL/UILT-UIL/ORSA FERROVIE/FAST-CONFSAL/SASMANT","Ferroviario","PERSONALE SOC. RFI IMPIANTO NAVIGAZIONE DI MESSINA","8 ORE: DALLE 9.01 ALLE 16.59","Locale","","22/05/2014","Sicilia","Messina","30/05/2014 10:44"
"","Revocato (include le azioni di revoca, sospensione e differimento)","26/06/2014","26/06/2014","OSR FILT-CGIL/FIT-CISL/UILT-UIL/UGL-AF/FAST FERROVIE/ORSA","Ferroviario","PERSONALE DI MANUTENZIONE INFRASTRUTTURA DELLA SOC. RFI DELLA DTP DI VERONA UNITA' TERRITORIALE DI VERONA","8 ORE: DALLE 9.01 ALLE 17.00","Locale","","23/05/2014","Veneto","Verona","23/05/2014 13:05"
"","Revocato (include le azioni di revoca, sospensione e differimento)","28/06/2014","28/06/2014","OSR FILT-CGIL/FIT-CISL/UILT-UIL/UGL/FAST/ORSA","Ferroviario","PERSONALE SOC. TRENITALIA BIGLIETTERIE DTR LIGURIA","8 ORE","Regionale","","09/06/2014","Liguria","Tutte","09/06/2014 15:57"
"","Revocato (include le azioni di revoca, sospensione e differimento)","29/06/2014","29/06/2014","OSR FILT-CGIL/FIT-CISL/UILT-UIL/UGL-AF/FAST/ORSA","Ferroviario","PERSONALE SOC. TRENITALIA DIVISIONE TRASPORTO REGIONALE EMILIA ROMAGNA","8 ORE: DALLE 9.01 ALLE 17.00","Regionale","","27/05/2014","Emilia-Romagna","Tutte","27/05/2014 17:07"
"","Revocato (include le azioni di revoca, sospensione e differimento)","30/06/2014","01/07/2014","OSR FILT-CGIL/FIT-CISL/UILT-UIL/UGL/FAST/ORSA","Ferroviario","PERSONALE SOC. TRENITALIA DIV. CARGO EMILIA ROMAGNA","24 ORE: DALLE 21.01 DEL 30/6 ALLE 21.00 DELL'1/7","Regionale","ESCLUSO PERS. IMC BOLOGNA S.D.","09/06/2014","Emilia-Romagna","Tutte","09/06/2014 11:03"
"","Revocato (include le azioni di revoca, sospensione e differimento)","06/07/2014","06/07/2014","OSR FILT-CGIL/FIT-CISL/UILT-UIL/UGL/FAST/ORSA","Ferroviario","PERSONALE SOC. TRENITALIA BIGLIETTERIE DTR LIGURIA","8 ORE: DALLE 9.01 ALLE 16.59","Regionale","","11/06/2014","Liguria","Tutte","11/06/2014 11:39"
"","Revocato (include le azioni di revoca, sospensione e differimento)","06/07/2014","06/07/2014","OSR FILT-CGIL/FIT-CISL/UILT-UIL/UGL-AF/FAST/ORSA","Ferroviario","PERSONALE SOC. TRENITALIA DIVISIONE TRASPORTO REGIONALE EMILIA ROMAGNA","8 ORE: DALLE 9.01 ALLE 17.00","Regionale","","09/06/2014","Emilia-Romagna","Tutte","09/06/2014 18:28"
"","Revocato (include le azioni di revoca, sospensione e differimento)","09/07/2014","10/07/2014","OSR FILT-CGIL/FIT-CISL/UILT-UIL/UGL/FAST/ORSA","Ferroviario","PERSONALE SOC. TRENITALIA DIV. CARGO EMILIA ROMAGNA","24 ORE: DALLE 21.01 DEL 9/7 ALLE 21.00 DEL 10/7","Regionale","ESCLUSO PERS. IMC BOLOGNA S.D.","09/06/2014","Emilia-Romagna","Tutte","10/06/2014 10:53"
"","Effettuato","10/07/2014","11/07/2014","COORD. REG. USB LAVORO PRIVATO","Ferroviario","PERSONALE SOC. TRENITALIA IMPIANTO TRENO CARGO REGIONI PUGLIA E BASILICATA","24 ORE: DALLE 21.00 DEL 10/7 ALLE 20.59 DELL' 11/7","Interregionale","","28/06/2014","Italia","Tutte","30/06/2014 13:06"
"","Effettuato","10/07/2014","11/07/2014","CAT","Ferroviario","PERSONALE SOCC. FERROVIARIE TRASPORTO MERCI","24 ORE: DALLE 21.00 DEL 10/7 ALLE 21.00 DEL 11/7","Nazionale","ESCLUSO PERSONALE SOC. RTC","09/06/2014","Italia","Tutte","09/06/2014 13:37"
"","Effettuato","10/07/2014","11/07/2014","USB LAVORO PRIVATO","Ferroviario","PERSONALE DIVISIONE CARGO SOC. TRENITALIA","24 ORE: DALLE 21.00 DEL 10/7 ALLE 20.59 DELL'11/7","Nazionale","","30/06/2014","Italia","Tutte","30/06/2014 12:40"
"","Effettuato","11/07/2014","11/07/2014","OSR CAT","Ferroviario","PERSONALE DI CONDOTTA SOC. TRENITALIA DIV. CARGO EX COMPARTIMENTO FIRENZE","8 ORE: DALLE 9.00 ALLE 16.59","Aziendale","","26/06/2014","Toscana","Tutte","26/06/2014 17:58"
"","Effettuato","12/07/2014","13/07/2014","USB LAVORO PRIVATO","Ferroviario","PERSONALE GRUPPO FSI E TRENORD","24 ORE: DALLE 21.01 DEL 12/7 ALLE 20.59 DEL 13/7","Nazionale","ESCLUSO PERSONALE DELLA DIV. CARGO","30/06/2014","Italia","Tutte","30/06/2014 12:28"
"","Effettuato","12/07/2014","13/07/2014","COORD. REG. USB LAVORO PRIVATO","Ferroviario","PERSONALE MOBILE SOC. TRENITALIA IMPIANTI REGIONI PUGLIA E BASILICATA ( EX COMP.TO DI BARI)","24 ORE: DALLE 21.00 DEL 12/7 ALLE 20.59 DEL 13/7","Interregionale","","30/06/2014","Italia","Tutte","30/06/2014 13:59"
"","Effettuato","12/07/2014","13/07/2014","CAT","Ferroviario","PERSONALE SOCC. FERROVIARIE GRUPPO FSI, NTV, TRENORD","24 ORE: DALLE 21.00 DEL 12/7 ALLE 21.00 DEL 13/7","Nazionale","ESCLUSO PERSONALE TRENITALIA DIV. CARGO","09/06/2014","Italia","Tutte","09/06/2014 13:37"
"","Effettuato","12/07/2014","13/07/2014","CUB TRASPORTI","Ferroviario","PERSONALE FERROVIARIO DEL GRUPPO FSI, NTV E TRENORD","24 ORE: DALLE 21.00 DEL 12/7 ALLE 20.59 DEL 13/7","Nazionale","ESCLUSO PERSONALE TRENITALIA DIV. CARGO","09/06/2014","Italia","Tutte","09/06/2014 17:47"
"","Effettuato","13/07/2014","13/07/2014","OSR CAT","Ferroviario","PERSONALE DI CONDOTTA E DI BORDO SOC. TRENITALIA DPR E DPLH REG. TOSCANA","8 ORE: DALLE 9.00 ALLE 16.59","Regionale","","26/06/2014","Toscana","Tutte","26/06/2014 18:13"
"","Effettuato","18/07/2014","18/07/2014","OSR FILT-CGIL/FIT-CISL/UILT-UIL/UGL TRASPORTI/FAST-CONFSAL","Ferroviario","PERSONALE SOC. TRENITALIA BIGLIETTERIE TRASPORTO REGIONALE LAZIO","8 ORE: DALLE 9.01 ALLE 17.00","Regionale","","02/07/2014","Lazio","Tutte","02/07/2014 10:06"
"","Effettuato","23/07/2014","23/07/2014","FILT-CGIL/FIT-CISL/UILT-UIL/UGL-AF/FAST FERROVIE/ORSA","Ferroviario","PERSONALE GRUPPO FSI","1 ORA: DALLE 11.00 ALLE 12.00","Nazionale","","18/07/2014","Italia","Tutte","18/07/2014 18:19"
"","Effettuato","25/07/2014","26/07/2014","OSR ORSA FERROVIE","Ferroviario","PERSONALE SOC. TRENITALIA ASSISTENZA DI ROMA TERMINI E ROMA TIBURTINA","24 ORE: DALLE 21.00 DEL 25/7 ALLE 21.00 DEL 26/7","Locale","","24/06/2014","Lazio","Roma","24/06/2014 13:14"
"","Effettuato","25/07/2014","26/07/2014","OSR FILT-CGIL/FIT-CISL/UILT-UIL/UGL/FAST/ORSA","Ferroviario","PERSONALE MOBILE SOC. TRENITALIA DIV. PASSEGGERI REGIONALE EMILIA ROMAGNA","24 ORE: DALLE 21.01 DEL 25/7 ALLE21.00 DEL 26/7","Regionale","","12/06/2014","Emilia-Romagna","Tutte","12/06/2014 18:15"
"","Effettuato","25/07/2014","25/07/2014","OSR ORSA FERROVIE","Ferroviario","PERSONALE SOC. TRENORD","8 ORE: DALLE 9.01 ALLE 16.59","Regionale","","14/07/2014","Lombardia","Tutte","14/07/2014 16:24"
"","Effettuato","26/07/2014","26/07/2014","OSR ORSA FERROVIE","Ferroviario","PERSONALE MOBILE SOC. TRENITALIA DIV. PASSEGGERI REGIONALE VENETO","21 ORE: DALLE 00.01 ALLE 20.59","Regionale","","16/07/2014","Veneto","Tutte","16/07/2014 16:58"
"","Effettuato","26/07/2014","26/07/2014","OSR FILT-CGIL/FIT-CISL/UILT-UIL/UGL-AF/FAST/ORSA","Ferroviario","PERSONALE SOC. TRENITALIA DIVISIONE TRASPORTO REGIONALE EMILIA ROMAGNA","8 ORE: DALLE 9.01 ALLE 17.00","Regionale","","13/06/2014","Emilia-Romagna","Tutte","13/06/2014 10:59"
"","Effettuato","07/08/2014","07/08/2014","OSR FILT-CGIL/FIT-CISL/UILT-UIL","Ferroviario","PERSONALE SOC. RFI COMP. FIRENZE RICADENTE REG. UMBRIA","1 ORA: DALLE 11.00 ALLE 12.00","Regionale","","06/08/2014","Umbria","Tutte","06/08/2014 16:42"
"","Effettuato","07/08/2014","07/08/2014","OSR FILT-CGIL/FIT-CISL/UILT-UIL","Ferroviario","PERSONALE SOCC. GRUPPO FSI REG. TOSCANA ( EX COMP. FIRENZE )","1 ORA: DALLE 11.00 ALLE 12.00","Regionale","","06/08/2014","Toscana","Tutte","06/08/2014 17:42"
"","Revocato (include le azioni di revoca, sospensione e differimento)","06/09/2014","07/09/2014","OSR FILT-CGIL/FIT-CISL/UILT-UIL/UGL TRASPORTI/FAST FERROVIE","Ferroviario","PERSONALE DI BORDO SOC. TRENITALIA DIV. PASSEGGERI REGIONALE VENETO","24 ORE: DALLE 21.01 DEL 6/9 ALLE 21.00 DEL 7/9","Regionale","","27/07/2014","Veneto","Tutte","27/07/2014 19:29"
"","Effettuato","06/09/2014","07/09/2014","OSC FILT-CGIL","Ferroviario","PERSONALE SOC. TRENITALIA DI MANOVRA DEL TRASPORTO REGIONALE STAZIONE DI SAVONA","24 ORE: DALLE 21.00 DEL 6/9 ALLE 21.00 DEL 7/9","Territoriale","","28/07/2014","Liguria","Savona","28/07/2014 10:09"
"","Revocato (include le azioni di revoca, sospensione e differimento)","18/09/2014","19/09/2014","USB LAVORO PRIVATO","Ferroviario","PERSONALE DIV. CARGO DEL GRUPPO FSI","24 ORE: DALLE 21.00 DEL 18/9 ALLE 20.59 DEL 19/9","Nazionale","","09/09/2014","Italia","Tutte","09/09/2014 11:02"
"","Revocato (include le azioni di revoca, sospensione e differimento)","19/09/2014","19/09/2014","OSR FILT-CGIL/FIT-CISL","Ferroviario","PERSONALE SOC. TRENITALIA OPERANTE NELLA BIGLIETTERIA ASSISTENZA DI PISA","8 ORE: DALLE 09.00 ALLE 16.59","Locale","","07/08/2014","Toscana","Pisa","07/08/2014 12:36"
"","Revocato (include le azioni di revoca, sospensione e differimento)","19/09/2014","19/09/2014","OSR FILT-CGIL/FIT-CISL","Ferroviario","PERSONALE SOC. TRENITALIA OPERANTE NELLA VENDITA E ASSISTENZA REG. TOSCANA","8 ORE. DALLE 09.00 ALLE 16.59","Regionale","","07/08/2014","Toscana","Tutte","07/08/2014 12:31"
"","Effettuato","20/09/2014","21/09/2014","CAT","Ferroviario","PERSONALE SOCC. FERROVIARIE GRUPPO FSI, NTV, TRENORD","24 ORE. DALLE 21.00 DEL 20/9 ALLE 21.00 DEL 21/9","Nazionale","ESCLUSO PERSONALE TRENITALIA DIV. CARGO","30/07/2014","Italia","Tutte","30/07/2014 15:25"
"","Revocato (include le azioni di revoca, sospensione e differimento)","20/09/2014","21/09/2014","USB LAVORO PRIVATO","Ferroviario","PERSONALE SOCC. FERROVIARIE GRUPPO FSI, NTV, TRENORD","24 ORE: DALLE 21.00 DEL 20/9 ALLE 21.00 DEL 21/9","Nazionale","ESCLUSO PERSONALE TRENITALIA DIV. CARGO","10/09/2014","Italia","Tutte","10/09/2014 11:58"
"","Effettuato","21/09/2014","21/09/2014","OSR UGL/FAST/ORSA","Ferroviario","PERSONALE SOC. TRENITALIA DIREZIONE TRASPORTO REGIONALE LIGURIA","8 ORE: DALLE 09.01 ALLE 17.00","Regionale","","09/09/2014","Liguria","Tutte","09/09/2014 13:26"
"","Revocato (include le azioni di revoca, sospensione e differimento)","04/10/2014","05/10/2014","OSR UGL/FAST/ORSA","Ferroviario","PERSONALE SOC. TRENITALIA DIVISIONE PASSEGGERI REGIONALE LIGURIA","24 ORE: DALLE 21.01 DEL 4/10 ALLE 21.00 DEL 5/10","Regionale","","25/09/2014","Liguria","Tutte","25/09/2014 16:14"
"","Effettuato","04/10/2014","05/10/2014","OSR FAST FERROVIE","Ferroviario","PERSONALE DI BORDO SOC. TRENITALIA DIV. PASSEGGERI REGIONALE VENETO","24 ORE: DALLE 21.01 DEL 4/10 ALLE 21.00 DEL 5/10","Regionale","","04/09/2014","Veneto","Tutte","05/09/2014 10:01"
"","Revocato (include le azioni di revoca, sospensione e differimento)","04/10/2014","04/10/2014","OSR FILT-CGIL/FIT-CISL","Ferroviario","PERSONALE SOC. TRENITALIA OPERANTE NEGLI IMPIANTI IESU DI FIRENZE S.M.N. E PISA C.LE","8 ORE: DALLE 9.01 ALLE 16.59","Aziendale","","05/09/2014","Toscana","Tutte","05/09/2014 17:08"
"","Revocato (include le azioni di revoca, sospensione e differimento)","18/10/2014","18/10/2014","ORSA FERROVIE","Ferroviario","PERSONALE SOCC. FERROVIARIE GRUPPO FSI, NTV, TRENORD E TRASPORTO MERCI","8 ORE: DALLE 09.01 ALLE 16.59","Nazionale","","26/09/2014","Italia","Tutte","26/09/2014 18:20"
"","Effettuato","24/10/2014","24/10/2014","ORSA FERROVIE","Ferroviario","PERSONALE SOCC. FERROVIARIE GRUPPO FSI, NTV, TRENORD E TRASPORTO MERCI","8 ORE: DALLE 09.01 ALLE 16.59","Nazionale","","02/10/2014","Italia","Tutte","02/10/2014 12:02"
"","Revocato (include le azioni di revoca, sospensione e differimento)","28/10/2014","29/10/2014","OSR FILT-CGIL/FIT-CISL/UILT-UIL/UGL TRASPORTI","Ferroviario","PERSONALE DI BORDO SOC. TRENITALIA DIV. PASSEGGERI REGIONALE VENETO","24 ORE: DALLE 21.00 DEL 28/10 ALLE 29/10","Regionale","","01/10/2014","Veneto","Tutte","01/10/2014 10:08"
"","Revocato (include le azioni di revoca, sospensione e differimento)","31/10/2014","31/10/2014","OSR ORSA FERROVIE","Ferroviario","PERSONALE SOC. TRENITALIA SETTORE DPLH VENDITA DIRETTA E CUSTOMER SERVICE MILANO","8 ORE: DALLE 9.00 ALLE 16.59","Aziendale","","30/09/2014","Lombardia","Milano","01/10/2014 16:28"
"","Revocato (include le azioni di revoca, sospensione e differimento)","31/10/2014","31/10/2014","OSR FILT-CGIL/FIT-CISL/UILT-UIL/FAST FERROVIE/UGL TRASPORTI","Ferroviario","PERSONALE SOC. TRENITALIA SETTORE DPLH VENDITA DIRETTA E CUSTOMER SERVICE MILANO","8 ORE: DALLE 9.00 ALLE 16.59","Aziendale","","30/09/2014","Lombardia","Milano","30/09/2014 12:15"
"","Effettuato","07/11/2014","07/11/2014","OSR ORSA FERROVIE","Ferroviario","PERSONALE SOC. TRENITALIA SETTORE DPLH VENDITA DIRETTA E CUSTOMER SERVICE DI MILANO","8 ORE: DALLE 9.01 ALLE 16.59","Aziendale","","17/10/2014","Lombardia","Milano","17/10/2014 11:36"
"","Effettuato","07/11/2014","07/11/2014","OSR FILT-CGIL/FIT-CISL/UILT-UIL/FAST FERROVIE/UGL TRASPORTI","Ferroviario","PERSONALE SOC. TRENITALIA SETTORE DPLH VENDITA DIRETTA E CUSTOMER SERVICE DI MILANO","8 ORE: DALLE 9.01 ALLE 16.59","Aziendale","","17/10/2014","Lombardia","Milano","17/10/2014 10:41"
"","Revocato (include le azioni di revoca, sospensione e differimento)","25/11/2014","25/11/2014","OSR FILT-CGIL/FIT-CISL/UILT-UIL/UGL TRASPORTI","Ferroviario","PERSONALE DI BORDO SOC. TRENITALIA DIV. PASSEGGERI REGIONALE VENETO","8 ORE: DALLE 9.00 ALLE 16.59","Regionale","","24/10/2014","Veneto","Tutte","24/10/2014 13:30"
"","Effettuato","28/11/2014","28/11/2014","OSR FILT-CGIL/FIT-CISL/UILT-UIL/UGL-AF/FAST FERROVIE/ORSA","Ferroviario","PERSONALE DI MANUTENZIONE INFRASTRUTTURA SOC. RFI DTP VERONA - UT DI VERONA","8 ORE: DALLE 9.01 ALLE 17.00","Locale","","14/11/2014","Veneto","Verona","14/11/2014 12:16"
"","Effettuato","28/11/2014","28/11/2014","OSR ORSA FERROVIE","Ferroviario","PERSONALE DI MANUTENZIONE INFRASTRUTTURA SOC. RFI DTP DI VERONA UT DI BOLZANO","8 ORE: DALLE 9.01 ALLE 17.00","Provinciale","","17/11/2014","Trentino-Alto Adige","Bolzano","17/11/2014 15:20"
"","Revocato (include le azioni di revoca, sospensione e differimento)","06/12/2014","07/12/2014","OSR ORSA FERROVIE","Ferroviario","PERSONALE SOC. TRENITALIA SETTORE DPLH VENDITA DIRETTA E CUSTOMER SERVICE MILANO","24 ORE: DALLE 21.00 DEL 6/12 ALLE 21.00 DEL 7/12","Aziendale","","12/11/2014","Lombardia","Milano","12/11/2014 16:33"
"","Revocato (include le azioni di revoca, sospensione e differimento)","06/12/2014","07/12/2014","OSR FILT-CGIL/FIT-CISL/UILT-UIL/FAST FERROVIE/UGL TRASPORTI","Ferroviario","PERSONALE SOC. TRENITALIA SETTORE DPLH VENDITA DIRETTA E CUSTOMER SERVICE MILANO","24 ORE: DALLE 21.00 DEL 6/12 ALLE 21.00 DEL 7/12","Aziendale","","12/11/2014","Lombardia","Milano","12/11/2014 16:35"
"","Effettuato","11/12/2014","12/12/2014","CAT","Ferroviario","PERSONALE SOC. TRENITALIA DIV. CARGO","24 ORE: DALLE 21.00 DELL'11/12 ALLE 21.00 DEL 12/12","Nazionale","","11/11/2014","Italia","Tutte","12/11/2014 17:02"
"","Effettuato","12/12/2014","12/12/2014","OSR ORSA FERROVIE","Ferroviario","PERSONALE SOC. TRENITALIA DIV. CARGO EX COMPARTIMENTO DI FIRENZE","1 ORA: DALLE 11.00 ALLE 12.00","Aziendale","","27/11/2014","Toscana","Firenze","27/11/2014 13:30"
"","Effettuato","12/12/2014","12/12/2014","CUB TRASPORTI","Ferroviario","PERSONALE SOCC. GRUPPO FSI ADDETTO AL TRASPORTO MERCI","8 ORE: DALLE 09.00 ALLE 17.00","Nazionale","","30/11/2014","Italia","Tutte","30/11/2014 23:09"
"","Effettuato","14/12/2014","14/12/2014","OSR ORSA FERROVIE","Ferroviario","PERSONALE SOC. TRENITALIA MOBILE, DI MACCHINA E DI BORDO EX COMPARTIMENTO DI FIRENZE","1 ORA: DALLE 11.00 ALLE 12.00","Aziendale","","27/11/2014","Toscana","Firenze","27/11/2014 13:30"
"","Effettuato","14/12/2014","14/12/2014","USB LAVORO PRIVATO","Ferroviario","PERSONALE FERROVIARIO GRUPPO FSI, SOCC. NTV E TRENORD","8 ORE: DALLE 9.01 ALLE 16.59","Nazionale","ESCLUSIONE PERSONALE IMPRESE CARGO E DIVISIONI CARGO DELLLE SOCIETA' INTERESSATE","28/11/2014","Italia","Tutte","28/11/2014 12:53"
"","Effettuato","14/12/2014","14/12/2014","CUB TRASPORTI","Ferroviario","PERSONALE SOCC. GRUPPO FSI, TRENORD, NTV, ADDETTO AL TRASPORTO PASSEGGERI","8 ORE: DALLE 09.00 ALLE 17.00","Nazionale","","30/11/2014","Italia","Tutte","30/11/2014 23:09"
"","Effettuato","14/12/2014","14/12/2014","CAT","Ferroviario","PERSONALE ADDETTO ALLA CIRCOLAZIONE TRENI GRUPPO FSI E SOCC. NTV E TRENORD","21 ORE: DALLE 00.00 ALLE 21.00","Nazionale","ESCLUSIONE DELLA DIV. CARGO DELLA SOC. TRENITALIA","11/11/2014","Italia","Tutte","12/11/2014 16:52"
"","Revocato (include le azioni di revoca, sospensione e differimento)","10/01/2015","10/01/2015","OSR FIL-CGIL/FIT-CISL/UILT-UIL/UGL TRASPORTI","Ferroviario","PERSONALE DI BORDO SOC. TRENITALIA DIV. PASSEGGERI REGIONALE VENETO","8 ORE: DALLE 9.01 ALLE 16.59","Regionale","","21/11/2014","Veneto","Tutte","21/11/2014 16:13"
"","Revocato (include le azioni di revoca, sospensione e differimento)","10/01/2015","11/01/2015","OSR ORSA FERROVIE","Ferroviario","PERSONALE MOBILE ( MACCHINISTI, CAPITRENO, CAPI SERVIZIO TRENO) SOC. TRENITALIA DIV. PASSEGGERI REGIONALE VENETO","24 ORE: DALLE 21.00 DEL 10/1 ALLE 20.59 DELL'11/1","Regionale","","03/12/2014","Veneto","Tutte","03/12/2014 18:06"
"","Revocato (include le azioni di revoca, sospensione e differimento)","10/01/2015","10/01/2015","OSR FILT-CGIL/FIT-CISL/UILT-UIL/UGL/FAST","Ferroviario","PERSONALE DI MACCHINA, DI ACCOMPAGNAMENTO E PATENTATI C DELLA SOC. TRENITALIA DPLH FRECCIABIANCA VENEZIA","8 ORE: DALLE 9.01 ALLE 16.59","Aziendale","","04/12/2015","Veneto","Venezia","05/12/2014 13:47"
"","Effettuato","12/01/2015","12/01/2015","OSR ORSA FERROVIE","Ferroviario","PERSONALE SOC. TRENITALIA DELL'IMC ETR MILANO","8 ORE: DALLE 9.01 ALLE 16.59","Regionale","","30/12/2014","Lombardia","Milano","30/12/2014 13:16"
"","Effettuato","24/01/2015","25/01/2015","OSR ORSA FERROVIE","Ferroviario","PERSONALE MOBILE ( MACCHINISTI, CAPITRENO, CAPI SERVIZIO TRENO) SOC. TRENITALIA DIV. PASSEGGERI REGIONALE VENETO","24 ORE: DALLE 21.00 DEL 24/1 ALLE 20.59 DEL 25/1","Regionale","","05/01/2015","Veneto","Tutte","05/01/2015 11:08"
"","Revocato (include le azioni di revoca, sospensione e differimento)","30/01/2015","30/01/2015","OSR USB LAVORO PRIVATO","Ferroviario","PERSONALE SOC. RFI IMPIANTI MANUTENZIONE INFRASTRUTTURE DTP ROMA","8 ORE: INTERA PRESTAZIONE LAVORATIVA","Aziendale","","19/01/2015","Lazio","Roma","19/01/2015 10:26"
"","Revocato (include le azioni di revoca, sospensione e differimento)","07/02/2015","08/02/2015","USB LAVORO PRIVATO","Ferroviario","PERSONALE SOCC. FERROVIARIE GRUPPO FSI, NTV E TRENORD","24 ORE: DALLE 21.00 DEL 7/2 ALLE 20.59 DELL'8/2","Nazionale","ESCLUSO IMPRESE CARGO E DIVISIONI CARGO SOCC. INTERESSATE","14/01/2015","Italia","Tutte","14/01/2015 17:46"
"","Revocato (include le azioni di revoca, sospensione e differimento)","08/02/2015","09/02/2015","OSR FILT-CGIL/FIT-CISL/UILT-UIL/UGL-AF/FAST FERROVIE/ORSA","Ferroviario","PERSONALE DI MANUTENZIONE INFRASTRUTTURA SOC. RFI DTP VERONA - UT DI VERONA","24 ORE: DALLE 21.00 DELL'8/2 ALLE 21.00 DEL 9/2","Locale","","15/01/2015","Veneto","Verona","15/01/2015 11:55"
"","Revocato (include le azioni di revoca, sospensione e differimento)","08/02/2015","08/02/2015","OSR USB LAVORO PRIVATO","Ferroviario","PERSONALE SOC. TRENITALIA DIREZIONE REGIONALE EMILIA ROMAGNA","8 ORE: DALLE 9.00 ALLE 17.00","Regionale","","15/01/2015","Emilia-Romagna","Tutte","16/01/2015 10:40"
"","Effettuato","20/02/2015","20/02/2015","OSR USB LAVORO PRIVATO","Ferroviario","PERSONALE SOC. RFI IMPIANTI MANUTENZIONE INFRASTRUTTURE DTP ROMA","8 ORE: DALLE 9.01 ALLE 16.59","Aziendale","","21/01/2015","Lazio","Roma","21/01/2015 17:39"
"","Revocato (include le azioni di revoca, sospensione e differimento)","21/02/2015","22/02/2015","OSR FAST FERROVIE","Ferroviario","PERSONALE MOBILE, DI DISTRIBUZIONE E SALA OPERATIVA DELLA SOC. TRENITALIA REGIONE VENETO","24 ORE: DALLE 21.00 DEL 21/2 ALLE 20.59 DEL 22/2","Regionale","","25/01/2015","Veneto","Tutte","26/01/2015 10:23"
"","Revocato (include le azioni di revoca, sospensione e differimento)","22/02/2015","22/02/2015","OSR FILT-CGIL/FIT-CISL/UILT-UIL/UGL","Ferroviario","PERSONALE MOBILE, DI DISTRIBUZIONE E SALA OPERATIVA DELLA SOC. TRENITALIA REGIONE VENETO","8 ORE: DALLE 9.01 ALLE 17.00","Regionale","","25/01/2015","Veneto","Tutte","26/01/2015 10:23"
"","Revocato (include le azioni di revoca, sospensione e differimento)","22/02/2015","23/02/2015","OSR FILT-CGIL/FIT-CISL/UILT-UIL/UGL-AF/ FAST FERROVIE/ORSA","Ferroviario","PERSONALE MANUTENZIONE INFRASTRUTTURA SOC. RFI DTP VERONA - UT DI VERONA","24 ORE: DALLE 21.00 DEL 22/2 ALLE 20.59 DEL 23/2","Locale","","06/02/2015","Veneto","Verona","06/02/2015 13:49"
"","Revocato (include le azioni di revoca, sospensione e differimento)","22/02/2015","22/02/2015","OSR FAST-CONFSAL","Ferroviario","PERSONALE SOC. TRENITALIA DIVISIONE PASSEGGERI N/I ESERCIZIO FRECCIABIANCA MILANO","8 ORE: DALLE 9.01 ALLE 16.59","Territoriale","","09/02/2015","Lombardia","Milano","09/02/2015 14:30"
"","Revocato (include le azioni di revoca, sospensione e differimento)","01/03/2015","01/03/2015","OSR UGL/ORSA FERROVIE","Ferroviario","PERSONALE MOBILE( MACCHINISTI, CAPITRENO E CAPI SERVIZIO TRENO) SOC. TRENITALIA DIV. PASSEGGERI REGIONALE PIEMONTE E VALLE D'AOSTA","8 ORE: DALLE 9.00 ALLE 16.59","Interregionale","","23/01/2015","Piemonte","Tutte","23/01/2015 15:10"
"","Effettuato","14/03/2015","15/03/2015","USB LAVORO PRIVATO","Ferroviario","PERSONALE SOCC. FERROVIARIE GRUPPO FSI E SOCC. NTV E TRENORD","24 ORE: DALLE 21.00 DEL 14/3 ALLE 20.59 DEL 15/3","Nazionale","ESCLUSO IMPRESE CARGO E DIVISIONI CARGO SOCC. INTERESSATE","07/02/2015","Italia","Tutte","07/02/2015 12:50"
"","Revocato (include le azioni di revoca, sospensione e differimento)","14/03/2015","15/03/2015","CAT","Ferroviario","PERSONALE SOCC. FERROVIARIE GRUPPO FSI E SOCC. NTV E TRENORD","24 ORE: DALLE 21.00 DEL 14/3 ALLE 21.00 DEL 15/3","Nazionale","ESCLUSO PERSONALE DIV. CARGO SOC. TRENITALIA","07/02/2015","Italia","Tutte","09/02/2015 10:09"
"","Revocato (include le azioni di revoca, sospensione e differimento)","14/03/2015","15/03/2015","CAT","Ferroviario","PERSONALE SOCC. FERROVIARIE GRUPPO FSI E SOCC. NTV E TRENORD","24 ORE: DALLE 21.00 DEL 14/3 ALLE 21.00 DEL 15/3","Nazionale","ESCLUSO PERSONALE SOC. TRENITALIA DIV. CARGO","25/02/2015","Italia","Tutte","25/02/2015 18:20"
"","Effettuato","14/03/2015","15/03/2015","CAT","Ferroviario","PERSONALE SOCC. FERROVIARIE GRUPPO FSI E SOCC. NTV E TRENORD","24 ORE: DALLE 21.00 DEL 14/3 ALLE 21.00 DEL 15/3","Nazionale","ESCLUSO IMPRESE CARGO E DIVISIONI CARGO SOCC. INTERESSATE","03/03/2015","Italia","Tutte","03/03/2015 22:19"
"","Effettuato","15/03/2015","15/03/2015","OSR USB LAVORO PRIVATO","Ferroviario","PERSONALE SOC. TRENITALIA DIREZIONE REGIONALE EMILIA ROMAGNA","8 ORE: DALLE 9.00 ALLE 17.00","Regionale","","20/02/2015","Emilia-Romagna","Tutte","20/02/2015 10:36"
"","Effettuato","15/03/2015","15/03/2015","RSU 47 COLLEGIO BORDO","Ferroviario","PERSONALE DI BORDO SOC. TRENITALIA DIVISIONE PASSEGGERI LH DEL IESU DI FIRENZE","8 ORE: DALLE 9.00 ALLE 17.00","Aziendale","","04/03/2015","Toscana","Firenze","04/03/2015 16:14"
"","Effettuato","15/03/2015","15/03/2015","OSR CUB TRASPORTI","Ferroviario","PERSONALE DI BORDO SOC. TRENITALIA DIVISIONE PASSEGGERI LH DEL IESU DI FIRENZE","8 ORE: DALLE 9.00 ALLE 17.00","Aziendale","","04/03/2015","Toscana","Firenze","04/03/2015 16:25"
"","Revocato (include le azioni di revoca, sospensione e differimento)","25/03/2015","25/03/2015","OSR FILT-CGIL/FIT-CISL/UILT-UIL/UGL TRASPORTI/FAST FERROVIE","Ferroviario","PERSONALE GRUPPO FSI REGIONE SICILIA","8 ORE: DALLE 9.01 ALLE 16.59","Regionale","ADESIONE PERSONALE SETTORE PULIZIE INDOTTO FERROVIARIO REG. SICILIA","17/02/2015","Sicilia","Tutte","17/02/2015 12:13"
"","Effettuato","25/03/2015","25/03/2015","OSR ORSA FERROVIE","Ferroviario","PERSONALE GRUPPO FSI REGIONE SICILIA","8 ORE: DALLE 9.01 ALLE 16.59","Regionale","","17/02/2015","Sicilia","Tutte","17/02/2015 19:21"
"","Revocato (include le azioni di revoca, sospensione e differimento)","26/03/2015","26/03/2015","OSR UILT-UIL","Ferroviario","PERSONALE SOC. TRENITALIA DIV. CARGO PRESSO GOR MILANO","8 ORE: DALLE 9.01 ALLE 16.59","Aziendale","","23/02/2015","Lombardia","Milano","23/02/2015 14:10"
"","Effettuato","29/03/2015","30/03/2015","OSR FILT-CGIL/FIT-CISL/UILT-UIL/UGL/FAST/ORSA","Ferroviario","PERSONALE DI MANUTENZIONE INFRASTRUTTURA SOC. RFI DTP VERONA - UT DI VERONA","24 ORE: DALLE 21.00 DEL 29/3 ALLE 20.59 DEL 30/3","Locale","","25/02/2015","Veneto","Verona","25/02/2015 14:42"
"","Effettuato","10/04/2015","10/04/2015","OSR FILT-CGIL/FIT-CISL/UILT-UIL/UGL/FAST FERROVIE/ORSA + RSU","Ferroviario","PERSONALE SOC. TRENITALIA DIVISIONE PASSEGGERI REGIONALE PIEMONTE","8 ORE: DALLE 9.01 ALLE 17.00","Regionale","","03/03/2015","Piemonte","Tutte","03/03/2015 15:36"
"","Effettuato","10/04/2015","10/04/2015","FILT-CGIL/FIT-CISL/UILT-UIL/UGL-TAF/FAST-CONSAL","Ferroviario","PERSONALE SOC. NTV - NUOVO TRASPORTO VIAGGIATORI","8 ORE: DALLE 10.00 ALLE 17.59","Nazionale","","31/03/2015","Italia","Tutte","31/03/2015 16:19"
"","Effettuato","10/04/2015","10/04/2015","ORSA FERROVIE","Ferroviario","PERSONALE SOC. NTV - NUOVO TRASPORTO VIAGGIATORI","8 ORE: DALLE 10.00 ALLE 17.59","Nazionale","","31/03/2015","Italia","Tutte","31/03/2015 19:33"
"","Revocato (include le azioni di revoca, sospensione e differimento)","21/04/2015","21/04/2015","OSR UILT-UIL/UGL/ORSA/FAST-CONFSAL","Ferroviario","PERSONALE SOC. RFI MANUTENZIONE E INFRASTRUTTURA DTP ROMA","8 ORE: INTERA PRESTAZIONE LAVORATIVA","Aziendale","","06/02/2015","Lazio","Roma","06/02/2015 18:47"
"","Effettuato","21/04/2015","21/04/2015","OSR UILT-UIL/UGL-TAF/FAST-CONFSAL/ORSA FERROVIE","Ferroviario","PERSONALE DI MANUTENZIONE E INFRASTRUTTURA DELLA SOC. RFI DTP ROMA","8 ORE: DALLE 9.01 ALLE 16.59","Aziendale","","06/03/2015","Lazio","Roma","06/03/2015 13:03"
"","Effettuato","21/04/2015","21/04/2015","OSR USB LAVORO PRIVATO","Ferroviario","PERSONALE DI MANUTENZIONE E INFRASTRUTTURA SOC. RFI DELLA DTP ROMA","8 ORE: DALLE 9.01 ALLE 16.59","Aziendale","","25/03/2015","Lazio","Roma","25/03/2015 12:14"
"","Revocato (include le azioni di revoca, sospensione e differimento)","03/05/2015","03/05/2015","FAST-CONFSAL","Ferroviario","PERSONALE SOC. NTV - NUOVO TRASPORTO VIAGGIATORI","24 ORE: DALLE 00.01 ALLE 24.00","Nazionale","","14/04/2015","Italia","Tutte","14/04/2015 11:29"
"","Revocato (include le azioni di revoca, sospensione e differimento)","19/05/2015","20/05/2015","OSR FILT-CGIL/FIT-CISL/UILT-UIL/UGL-AF/FAST/ORSA","Ferroviario","PERSONALE SOC. RFI DELLE STRUTTURE DOTE, CEI E CI DELLA DTP DI BOLOGNA","8 ORE: DALLE 22.00 DEL 19/5 ALLE 6.00 DEL 20/5","Aziendale","","05/05/2015","Emilia-Romagna","Tutte","05/05/2015 14:27"
"","Effettuato","26/05/2015","27/05/2015","OSR FILT-CGIL/FIT-CISL/UILT-UIL/UGL-AF/FAST/ORSA","Ferroviario","PERSONALE SOC. RFI DELLE STRUTTURE DOTE, CEI E CI DELLA DTP DI BOLOGNA","8 ORE: DALLE 22.00 DEL 26/5 ALLE 6.00 DEL 27/5","Aziendale","","07/05/2015","Emilia-Romagna","Bologna","12/05/2015 18:05"
"","Effettuato","03/06/2015","03/06/2015","FAST-CONFSAL","Ferroviario","PERSONALE DI MACCHINA E DI BORDO SOC. NTV - NUOVO TRASPORTO VIAGGIATORI","8 ORE: DALLE 9.01 ALLE 17.00","Nazionale","","21/05/2015","Italia","Tutte","21/05/2015 16:32"
"","Effettuato","07/06/2015","07/06/2015","OSR FILT-CGIL/FIT-CISL/UILT-UIL/UGL TRASPORTI/FAST FERROVIE/ORSA","Ferroviario","PERSONALE DI BORDO E DI MACCHINA SOC. TRENITALIA DIVISIONE PASSEGGERI TRASPORTO REGIONALE LIGURIA","8 ORE: DALLE 9.01 ALLE 16.59","Regionale","","18/05/2015","Liguria","Tutte","18/05/2015 15:52"
"","Effettuato","07/06/2015","07/06/2015","OSR FILT-CGIL/FIT-CISL/UILT-UIL/UGL TRASPORTI/FAST FERROVIE/ORSA","Ferroviario","PERSONALE DI BORDO E DI MACCHINA SOC. TRENITALIA DIVISIONE LONG HAUL IESU GENOVA","8 ORE: DALLE 9.01 ALLE 16.59","Aziendale","","18/05/2015","Liguria","Genova","18/05/2015 15:55"
"","Effettuato","11/06/2015","12/06/2015","OSR FILT-CGIL/FIT-CISL/UILT-UIL/UGL/FAST FERROVIE/ORSA + RSU","Ferroviario","PERSONALE SOC. TRENITALIA DIVISIONE PASSEGGERI REGIONALE PIEMONTE","24 ORE: DALLE 21.00 DELL' 11/6 ALLE 21.00 DEL 12/6","Regionale","","21/04/2015","Piemonte","Tutte","21/04/2015 16:32"
"","Effettuato","15/06/2015","16/06/2015","OSR FILT-CGIL/FIT-ISL/UILT-UIL/UGL-AF/FAST/ORSA","Ferroviario","PERSONALE SOC. RFI DELLE STRUTTURE DOTE, CEI E CI DELLA DTP DI BOLOGNA","24 ORE: DALLE 21.00 DEL 15/6 ALLE 21.00 DEL 16/6","Aziendale","","04/06/2015","Emilia-Romagna","Bologna","04/06/2015 12:45"
"","Effettuato","16/06/2015","16/06/2015","ORSA FERROVIE","Ferroviario","PERSONALE MOBILE E ADDETTO ALL'ASSISTENZA CLIENTI DELLE SOCC. TRENITALIA, TRENORD E NTV","8 ORE: DALLE 9.01 ALLE 16.59","Nazionale","","12/06/2015","Italia","Tutte","12/06/2015 13:53"
"","Effettuato","16/06/2015","16/06/2015","CUB TRASPORTI","Ferroviario","PERSONALE DI ACCOMPAGNAMENTO, DI MACCHINA E DI ASSISTENZA SOCC. TRENITALIA, TRENORD E NTV","8 ORE: DALLE 9.00 ALLE 17.00","Nazionale","","12/06/2015","Italia","Tutte","12/06/2015 21:40"
"","Effettuato","16/06/2015","16/06/2015","CAT","Ferroviario","PERSONALE MOBILE (MACCHINISTI E DI ACCOMPAGNAMENTO TRENO) ED ADDETTO ALL'ASSISTENZA SOCC. TRENITALIA, TRENORD E NTV","8 ORE: DALLE 9.01 ALLE 17.00","Nazionale","","13/06/2015","Italia","Tutte","15/06/2015 15:30"
"","Effettuato","26/06/2015","26/06/2015","FAST-CONFSAL","Ferroviario","PERSONALE DI MACCHINA E DI BORDO SOC. NTV - NUOVO TRASPORTO VIAGGIATORI","24 ORE: DALLE 00.00 ALLE 23.59","Nazionale","","09/06/2015","Italia","Tutte","09/06/2015 20:14"
"","Revocato (include le azioni di revoca, sospensione e differimento)","11/07/2015","12/07/2015","OSR ORSA","Ferroviario","PERSONALE DI BORDO E DI MACCHINA SOC. TRENITALIA DIVISIONE LONG HAUL IESU LIGURIA","24 ORE: DALLE 21.00 DELL' 11/7 ALLE 20.59 DEL 12/7","Regionale","","19/06/2015","Liguria","Tutte","19/06/2015 15:04"
"","Revocato (include le azioni di revoca, sospensione e differimento)","11/07/2015","12/07/2015","OSR ORSA","Ferroviario","PERSONALE DI BORDO E DI MACCHINA SOC. TRENITALIA DIVISIONE PASSEGGERI REGIONALE LIGURIA","24 ORE: DALLE 21.00 DELL' 11/7 ALLE 20.59 DEL 12/7","Regionale","","19/06/2015","Liguria","Tutte","19/06/2015 15:04"
"","Effettuato","22/07/2015","22/07/2015","OSR FILT-CGIL/FIT-CISL/UILT-UIL/UGL-AF/FAST/ORSA","Ferroviario","PERSONALE SOC. TRENITALIA DIVISIONE CARGO DELL'AREA DI BOLOGNA","8 ORE: DALLE 9.01 ALLE 17.00","Regionale","ESCLUSIONE DELLA MANUTENZIONE ROTABILE (OMR BOLOGNA S. DONATO)","09/07/2015","Emilia-Romagna","Tutte","09/07/2015 15:51"
"","Revocato (include le azioni di revoca, sospensione e differimento)","23/07/2015","24/07/2015","OSR FILT-CGIL/FIT-CISL/UILT-UIL/UGL/FAST FERROVIE + RSU","Ferroviario","PERSONALE SOC. TRENITALIA DIVISIONE PASSEGGERI REGIONALE PIEMONTE","24 ORE: DALLE 21.00 DEL 23/7 ALLE 21.00 DEL 24/7","Regionale","","16/06/2015","Piemonte","Tutte","16/06/2015 10:05"
"","Revocato (include le azioni di revoca, sospensione e differimento)","23/07/2015","24/07/2015","OSR ORSA FERROVIE + RSU","Ferroviario","PERSONALE SOC. TRENITALIA DIVISIONE PASSEGGERI REGIONALE PIEMONTE","24 ORE: DALLE 21.00 DEL 23/7 ALLE 21.00 DEL 24/7","Regionale","ESCLUSO PERSONALE MOBILE","18/06/2015","Piemonte","Tutte","18/06/2015 09:52"
"","Revocato (include le azioni di revoca, sospensione e differimento)","24/07/2015","24/07/2015","OSR ORSA FERROVIE + RSU","Ferroviario","PERSONALE MOBILE SOC. TRENITALIA DIVISIONE PASSEGGERI REGIONALE PIEMONTE","8 ORE: DALLE 9.01 ALLE 17.00","Regionale","","18/06/2015","Piemonte","Tutte","18/06/2015 09:52"
"","Effettuato","24/07/2015","24/07/2015","OSR ORSA","Ferroviario","PERSONALE SOC. TRENITALIA DI MACCHINA E DI BORDO  DIR. REG.LE TOSCANA EX COMPARTIMENTO DI FIRENZE","4 ORE: DALLE 10.00 ALLE 14.00","Regionale","","03/07/2015","Toscana","Tutte","03/07/2015 13:20"
"","Effettuato","26/07/2015","26/07/2015","FAST-CONFSAL","Ferroviario","PERSONALE DI MACCHINA E DI BORDO DELLA SOC. NTV","24 ORE: DALLE 00.00 ALLE 23.59","Nazionale","","15/07/2015","Italia","Tutte","15/07/2015 23:33"
"","Revocato (include le azioni di revoca, sospensione e differimento)","29/08/2015","29/08/2015","OSR FILT-CGIL/FIT-CISL/UILT-UIL","Ferroviario","PROCLAMAZIONE SCIOPERO PER IL PERSONALE VIAGGIANTE ED ASSISTENZA DELLA SOC. TRENITALIA DELLA REGIONE TOSCANAE DEL PERSONALE DELLA SOC. RFI PROTEZIONE AZIENDALE DEL PRESIDIO TERRITORIALE DI FIRENZE","8 ORE: DALLE 9.00 ALLE 16.59","Regionale","","27/08/2015","Toscana","Tutte","27/08/2015 18:00"
"","Effettuato","04/09/2015","04/09/2015","OSR FILT-CGIL/FIT-CISL/UILT-UIL/UGL TRASPORTI/FAST FERROVIE/ORSA","Ferroviario","PERSONALE DI BORDO E DI MACCHINA DELLA SOC. TRENITALIA DTR CAMPANIA","8 ORE: DALLE 10.00 ALLE 18.00","Regionale","","27/08/2015","Campania","Tutte","27/08/2015 18:16"
"","Effettuato","04/09/2015","04/09/2015","OSR FILT-CGIL/FIT-CISL/UILT-UIL","Ferroviario","PERSONALE VIAGGIANTE ED ASSISTENZA DELLA SOC. TRENITALIA DELLA REGIONE TOSCANA E DEL PERSONALE DELLA SOC. RFI PROTEZIONE AZIENDALE DEL PRESIDIO TERRITORIALE DI FIRENZE","8 ORE: DALLE 9.00 ALLE 16.59","Regionale","","28/08/2015","Toscana","Tutte","28/08/2015 17:39"
"","Revocato (include le azioni di revoca, sospensione e differimento)","08/09/2015","09/09/2015","OSR FILT-CGIL/FIT-CISL/UILT-UIL/UGL TRASPORTI/FAST FERROVIE","Ferroviario","PERSONALE SOC. TRENITALIA DIVISIONE PASSEGGERI REGIONALE PIEMONTE","24 ORE: DALLE 21.00 DELL'8/9 ALLE 21.00 DEL 9/9","Regionale","","27/07/2015","Piemonte","Tutte","27/07/2015 11:15"
"","Revocato (include le azioni di revoca, sospensione e differimento)","08/09/2015","08/09/2015","OSR ORSA FERROVIE","Ferroviario","PERSONALE SOC. RFI IMPIANTO NAVIGAZIONE DI MESSINA","8 ORE: DALLE 9.01 ALLE 16.59","Locale","","31/07/2015","Sicilia","Messina","31/07/2015 22:00"
"","Effettuato","11/09/2015","11/09/2015","CAT","Ferroviario","PERSONALE DIVISIONE CARGO DELLA SOC. TRENITALIA","8 ORE: DALLE 9.00 ALLE 17.00","Nazionale","","30/08/2015","Italia","Tutte","31/08/2015 11:23"
"","Effettuato","12/09/2015","13/09/2015","OSR ORSA FERROVIE","Ferroviario","PERSONALE SOC. TRENITALIA DI MACCHINA E DI BORDO DIR. REG.LE TOSCANA EX COMPARTIMENTO DI FIRENZE","24 ORE: DALLE 21.00 DEL 12/9 ALLE 21.00 DEL 13/9","Regionale","","04/08/2015","Toscana","Tutte","04/08/2015 14:59"
"","Effettuato","13/09/2015","13/09/2015","CUB TRASPORTI","Ferroviario","PERSONALE DEL GRUPPO FSI E DELLE SOCC. TRENORD, SERFER E FERSERVIZI","8 ORE: DALLE 9.00 ALLE 17.00","Nazionale","ESCLUSO PERSONALE DELLA SOC. TRENITALIA DIV. CARGO - ORDINANZA PREFETTO SU AREA METROPOLITANA MILANO","02/09/2015","Italia","Tutte","02/09/2015 18:18"
"","Effettuato","13/09/2015","13/09/2015","CUB TRASPORTI","Ferroviario","PERSONALE DELLA SOC. NTV","8 ORE: DALLE 9.00 ALLE 17.00","Nazionale","","02/09/2015","Italia","Tutte","02/09/2015 19:08"
"","Effettuato","13/09/2015","13/09/2015","CAT","Ferroviario","PERSONALE SOC. NTV","8 ORE: DALLE 9.00 ALLE 17.00","Nazionale","","27/07/2015","Italia","Tutte","28/07/2015 08:19"
"","Effettuato","13/09/2015","13/09/2015","CAT","Ferroviario","PERSONALE GRUPPO FSI E SOC. TRENORD","8 ORE: DALLE 9.00 ALLE 17.00","Nazionale","ESCLUSO PERSONALE SOC. TRENITALIA DIVISIONE CARGO - ORDINANZA PREFETTO SU AREA METROPOLITANA MILANO","27/07/2015","Italia","Tutte","28/07/2015 08:27"
"","Effettuato","13/09/2015","13/09/2015","OSR UILT-UIL","Ferroviario","PERSONALE SOC. TRENITALIA DPLH VDCS DIVISIONE PASSEGGERI LONG HAUL VENDITA DIRETTA E CUSTOMER SERVICE DELL'EMILIA ROMAGNA","8 ORE: DALLE 10.01 ALLE 18.00","Regionale","","26/08/2015","Emilia-Romagna","Tutte","26/08/2015 16:54"
"","Revocato (include le azioni di revoca, sospensione e differimento)","23/09/2015","23/09/2015","OSR ORSA FERROVIE","Ferroviario","PERSONALE SOC. RFI IMPIANTO NAVIGAZIONE DI MESSINA","8 ORE: DALLE 9.01 ALLE 16.59","Locale","","02/09/2015","Sicilia","Messina","02/09/2015 10:59"
"","Revocato (include le azioni di revoca, sospensione e differimento)","24/09/2015","24/09/2015","OSR ORSA","Ferroviario","PERSONALE SOC. RFI IMPIANTO NAVIGAZIONE DI MESSINA","8 ORE: DALLE 9.01 ALLE 16.59","Locale","","13/09/2015","Sicilia","Messina","13/09/2015 21:12"
"","Revocato (include le azioni di revoca, sospensione e differimento)","25/09/2015","25/09/2015","OSR FILT-CGIL/FIT-CISL/UILT-UIL/UGL TRASPORTI/FAST FERROVIE/ORSA","Ferroviario","PERSONALE SOC. RFI SETTORI INFRASTRUTTURA E CIRCOLAZIONE DELLA DTP DI VENEZIA","8 ORE: DALLE 9.00 ALLE 16.59","Aziendale","","01/09/2015","Veneto","Venezia","01/09/2015 16:16"
"","Effettuato","25/09/2015","26/09/2015","FAST-CONFSAL","Ferroviario","PERSONALE DI MACCHINA E DI BORDO SOC. NTV - NUOVO TRASPORTO VIAGGIATORI","24 ORE: DALLE 3.00 DEL 25/9 ALLE 2.59 DEL 26/9","Nazionale","","14/09/2015","Italia","Tutte","14/09/2015 17:02"
"","Revocato (include le azioni di revoca, sospensione e differimento)","25/09/2015","25/09/2015","FAST-CONFSAL","Ferroviario","PERSONALE DI MACCHINA E DI BORDO SOC. NTV - NUOVO TRASPORTO VIAGGIATORI","24 ORE: DALLE 00.00 ALLE 23.59","Nazionale","","28/07/2015","Italia","Tutte","28/07/2015 10:58"
"","Effettuato","01/10/2015","01/10/2015","OSR ORSA FERROVIE","Ferroviario","PERSONALE DELLE BIGLIETTERIE E DEGLI ADDETTI AI VARCHI DELLA DIR. COMM.LE DELLA SOC. TRENORD","8 ORE: DALLE 9.00 ALLE 16.59","Aziendale","","14/09/2015","Lombardia","Tutte","14/09/2015 12:09"
"","Revocato (include le azioni di revoca, sospensione e differimento)","08/10/2015","09/10/2015","OSR FILT-CGIL/FIT-CISL/UILT-UIL/UGL/FAST FERROVIE","Ferroviario","PERSONALE SOC. TRENITALIA DIVISIONE PASSEGGERI REGIONALE PIEMONTE","24 ORE: DALLE 21.00 DEL 8/10 ALLE 21.00 DEL 9/10","Regionale","","01/09/2015","Piemonte","Tutte","01/09/2015 14:47"
"","Revocato (include le azioni di revoca, sospensione e differimento)","08/10/2015","09/10/2015","OSR FILT-CGIL/FIT-CISL/UILT-UIL/UGL/FAST","Ferroviario","PERSONALE SOC. TRENITALIA DIVISIONE PASSEGGERI REGIONALE PIEMONTE","24 ORE: DALLE 21.00 DELL'8/10 ALLE 21.00 DEL 9/10","Regionale","","18/09/2015","Piemonte","Tutte","18/09/2015 17:50"
"","Revocato (include le azioni di revoca, sospensione e differimento)","08/10/2015","09/10/2015","OSR FILT-CGIL/FIT-CISL/UILT-UIL/UGL/FAST FERROVIE","Ferroviario","PERSONALE SOC. TRENITALIA DIVISIONE PASSEGGERI REGIONALE PIEMONTE","24 ORE: DALLE 21.00 DELL'8/10 ALLE 21.00 DEL 9/10","Regionale","","17/07/2015","Piemonte","Tutte","17/07/2015 17:55"
"","Revocato (include le azioni di revoca, sospensione e differimento)","09/10/2015","09/10/2015","OSR FILT-CGIL/FIT-CISL/UILT-UIL/UGL/FAST-FERROVIE + RSU","Ferroviario","PERSONALE SOC. TRENITALIA DIVISIONE PASSEGGERI LONG HAUL IMCC DI TORINO","8 ORE: DALLE 9.01 ALLE 17.00","Regionale","","11/09/2015","Piemonte","Tutte","11/09/2015 10:20"
"","Effettuato","09/10/2015","09/10/2015","OSR FILT-CGIL/FIT-CISL/UILT-UIL/UGL/FAST","Ferroviario","PERSONALE SOC. TRENITALIA DIVISIONE PASSEGGERI LONG HAUL IMCC DI TORINO","8 ORE: DALLE 9.01 ALLE 17.00","Regionale","","18/09/2015","Piemonte","Tutte","18/09/2015 18:11"
"","Revocato (include le azioni di revoca, sospensione e differimento)","13/10/2015","13/10/2015","OSR FILT-CGIL/UILT-UIL/FAST FERROVIE/UGL/FAISA-CISAL","Ferroviario","PERSONALE SOC. TRENORD","8 ORE: DALLE 9.01 ALLE 17.00","Regionale","","02/10/2015","Lombardia","Tutte","02/10/2015 18:09"
"","Revocato (include le azioni di revoca, sospensione e differimento)","16/10/2015","16/10/2015","OSR FILT-CGIL/FIT-CISL/UILT-UIL/UGL TRASPORTI/FAST FERROVIE/ORSA","Ferroviario","PERSONALE SOC. RFI SETTORI INFRASTRUTTURA E CIRCOLAZIONE DELLA DTP DI VENEZIA","8 ORE: DALLE 9.00 ALLE 16.59","Aziendale","","26/09/2015","Veneto","Venezia","28/09/2015 09:12"
"","Effettuato","22/10/2015","23/10/2015","CAT","Ferroviario","PERSONALE DIV. CARGO SOC. TRENITALIA","24 ORE: DALLE 21.00 DEL 22/10 ALLE 21.00 DEL 23/10","Nazionale","","21/09/2015","Italia","Tutte","22/09/2015 09:07"
"","Effettuato","22/10/2015","23/10/2015","USB LAVORO PRIVATO","Ferroviario","PERSONALE DIVISIONE CARGO SOC. TRENITALIA","24 ORE: DALLE 21.00 DEL 22/10 ALLE 20.59 DEL 23/10","Nazionale","","09/10/2015","Italia","Tutte","09/10/2015 16:46"
"","Effettuato","23/10/2015","23/10/2015","CUB TRASPORTI","Ferroviario","PERSONALE DIV. CARGO SOC. TRENITALIA","8 ORE: DALLE 9.00 ALLE 17.00","Nazionale","","07/10/2015","Italia","Tutte","07/10/2015 15:11"
"","Revocato (include le azioni di revoca, sospensione e differimento)","24/10/2015","25/10/2015","CAT","Ferroviario","PERSONALE GRUPPO FSI E SOC. TRENORD","24 ORE: DALLE 21.00 DEL 24/10 ALLE 21.00 DEL 25/10","Nazionale","ESCLUSO PERSONALE DIV. CARGO SOC. TRENITALIA - ORDINANZA MINISTERIALE 183 T DI DIFFERIMENTO","21/09/2015","Italia","Tutte","22/09/2015 09:06"
"","Revocato (include le azioni di revoca, sospensione e differimento)","24/10/2015","25/10/2015","CUB TRASPORTI","Ferroviario","PERSONALE GRUPPO FSI, SOC. TRENORD E PERSONALE MOBILE SOC. NTV","24 ORE: DALLE 21.00 DEL 24/10 ALLE 21.00 DEL 25/10","Nazionale","ESCLUSO PERSONALE DIV. CARGO SOC. TRENITALIA - ORDINANZA MINISTERIALE 183 T DI DIFFERIMENTO","07/10/2015","Italia","Tutte","07/10/2015 15:11"
"","Effettuato","24/10/2015","25/10/2015","USB LAVORO PRIVATO","Ferroviario","PERSONALE GRUPPO FSI E SOC. TRENORD","24 ORE: DALLE 21.00 DEL 24/10 ALLE 20.59 DEL 25/10","Nazionale","ESCLUSO PERSONALE DIV. CARGO DELLA SOC. TRENITALIA - ORDINANZA MINISTERIALE 183 T DI DIFFERIMENTO","09/10/2015","Italia","Tutte","09/10/2015 16:43"
"","Effettuato","25/10/2015","25/10/2015","COORD. REG. USB LAVORO PRIVATO","Ferroviario","PERSONALE DIV. PASSEGGERI SOC. TRENITALIA IMPIANTI REGIONI PUGLIA E BASILICATA ( EX COMP.TO DI BARI)","8 ORE: DALLE 9.00 ALLE 16.59","Interregionale","","13/10/2015","Italia","Tutte","13/10/2015 12:25"
"","Effettuato","30/10/2015","30/10/2015","OSR ORSA FERROVIE","Ferroviario","PERSONALE MOBILE SOC. TRENITALIA DPR E DPLH REGIONE VENETO","DALLE 13.00, SOSTA PROLUNGATA DI 10 MINUTI ALLA PRIMA FERMATA UTILE","Regionale","ART. 2, CO.7, L. 146/90 E S.M.I.","28/10/2015","Veneto","Tutte","28/10/2015 12:10"
"","Effettuato","06/11/2015","06/11/2015","OSR FILT-CGIL/UILT-UIL/FAST FERROVIE/UGL/FAISA-CISAL","Ferroviario","PERSONALE SOC. TRENORD","8 ORE: DALLE 9.01 ALLE 17.00","Regionale","","07/10/2015","Lombardia","Tutte","07/10/2015 17:18"
"","Effettuato","06/11/2015","06/11/2015","OSR ORSA FERROVIE","Ferroviario","PERSONALE SOC. TRENORD","8 ORE: DALLE 9.01 ALLE 17.00","Regionale","","23/10/2015","Lombardia","Tutte","23/10/2015 11:23"
"","Revocato (include le azioni di revoca, sospensione e differimento)","12/11/2015","13/11/2015","OSR FILT-CGIL/FIT-CISL/UILT-UIL/UGL/FAST FERROVIE","Ferroviario","PERSONALE SOC. TRENITALIA DIVISIONE PASSEGGERI REGIONALE PIEMONTE","24 ORE: DALLE 21.00 DEL 12/11 ALLE 21.00 DEL 13/11","Regionale","","02/10/2015","Piemonte","Tutte","02/10/2015 15:08"
"","Effettuato","13/11/2015","13/11/2015","OSR FILT-CGIL/FIT-CISL/UILT-UIL","Ferroviario","PERSONALE SOC. RFI SETTORE CIRCOLAZIONE TOSCANA COMPARTIMENTO DTP FIRENZE","8 ORE: DALLE 9.01 ALLE 17.01","Regionale","","07/10/2015","Toscana","Tutte","09/10/2015 17:27"
"","In Programma","26/11/2015","27/11/2015","CUB TRASPORTI","Ferroviario","PERSONALE GRUPPO FSI, SOC. TRENORD E PERSONALE MOBILE SOC. NTV","21 ORE: DALLE 21.00 DEL 26/11 ALLE 18.00 DEL 27/11","Nazionale","ESCLUSO PERSONALE SOC. TRENITALIA DIV. CARGO","23/10/2015","Italia","Tutte","26/10/2015 13:21"
"","In Programma","26/11/2015","27/11/2015","CAT","Ferroviario","PERSONALE GRUPPO FSI E SOC. TRENORD","21 ORE: DALLE 21.00 DEL 26/11 ALLE 18.00 DEL 27/11","Nazionale","ESCLUSO PERSONALE SOC. TRENITALIA DIVISIONE CARGO","23/10/2015","Italia","Tutte","26/10/2015 13:34"
"","In Programma","26/11/2015","27/11/2015","USB LAVORO PRIVATO","Ferroviario","PERSONALE GRUPPO FSI E SOC. TRENORD","21 ORE: DALLE 21.00 DEL 26/11 ALLE 18.00 DEL 27/11","Nazionale","","27/10/2015","Italia","Tutte","27/10/2015 12:35"
"","In Programma","26/11/2015","27/11/2015","CAT","Ferroviario","PERSONALE DIVISIONE CARGO SOC. TRENITALIA","24 ORE: DALLE 21.00 DEL 26/11 ALLE 21.00 DEL 27/11","Nazionale","","27/10/2015","Italia","Tutte","28/10/2015 10:52"
"","In Programma","26/11/2015","27/11/2015","CUB TRASPORTI","Ferroviario","PERSONALE SOC. TRENITALIA DIVISIONE CARGO","24 ORE: DALLE 21.00 DEL 26/11 ALLE 21.00 DEL 27/11","Nazionale","","11/11/2015","Italia","Tutte","11/11/2015 10:13"
"","In Programma","26/11/2015","27/11/2015","OSR CUB TRASPORTI","Ferroviario","PERSONALE SOC. TRENITALIA IESU DI FIRENZE","8 ORE: DALLE 21.00 DEL 26/11 ALLE 05.00 DEL 27/11","Aziendale","","15/11/2015","Toscana","Firenze","15/11/2015 18:19"
"","In Programma","26/11/2015","27/11/2015","RSU","Ferroviario","PERSONALE DI BORDO SOC. TRENITALIA IESU DI FIRENZE","8 ORE: DALLE 21.00 DEL 26/11 ALLE 05.00 DEL 27/11","Aziendale","","15/11/2015","Toscana","Firenze","15/11/2015 22:39"
"","In Programma","08/12/2015","09/12/2015","OSR ORSA FERROVIE","Ferroviario","PERSONALE SOC. TRENORD","24 ORE: DALLE 21.00 DELL' 8/12 ALLE 21.00 DEL 9/12","Regionale","","09/11/2015","Lombardia","Tutte","09/11/2015 00:00"
"","In Programma","08/12/2015","09/12/2015","OSR FILT-CGIL/UILT-UIL/FAST FERROVIE/UGL/FAISA-CISAL","Ferroviario","PERSONALE SOC. TRENORD","24 ORE: DALLE 21.01 DELL'8/12 ALLE 21.00 DEL 9/12","Regionale","","18/11/2015","Lombardia","Tutte","18/11/2015 16:14"
"","In Programma","09/12/2015","09/12/2015","OSR FAST FERROVIE","Ferroviario","PERSONALE SOC. TRENITALIA IMC MILANO","8 ORE: DALLE 9.01 ALLE 17.00","Locale","","09/11/2015","Lombardia","Milano","20/11/2015 10:52"
"","In Programma","11/12/2015","11/12/2015","OSR FILT-CGIL/FIT-CISL/UILT-UIL/ORSA/UGL TRASPORTI/FAST FERROVIE","Ferroviario","PERSONALE SOC. RFI SETTORE CIRCOLAZIONE DELLA DTP DI NAPOLI","8 ORE: DALLE 10.01 ALLE 18.00","Regionale","","10/11/2015","Campania","Tutte","10/11/2015 16:55"
"","In Programma","13/12/2015","13/12/2015","OSR FILT-CGIL/FIT-CISL/UILT-UI/UGL TRASPORTI","Ferroviario","PERSONALE SOC. TRENITALIA DIV. PASSEGGERI LONG HAUL DELL'IMPIANTO IESU DI FIRENZE SMN","8 ORE: DALLE 9.01 ALLE 17.00","Aziendale","","10/11/2015","Toscana","Firenze","10/11/2015 16:13"
"","In Programma","14/12/2015","14/12/2015","OSR FILT-CGIL/FIT-CISL/UILT-UIL/UGL-AF/FAST/ORSA","Ferroviario","PERSONALE MANUTENZIONE INFRASTRUTTURA SOC. RFI DELLA DTP DI BOLOGNA","INTERA PRESTAZIONE GIORNALIERA DIURNA","Aziendale","","12/11/2015","Emilia-Romagna","Bologna","12/11/2015 14:56"
"","In Programma","16/12/2015","17/12/2015","OSR FILT-CGIL/FIT-CISL/UILT-UIL/UGL/FAST FERROVIE","Ferroviario","PERSONALE SOC. TRENITALIA DIVISIONE PASSEGGERI REGIONALE PIEMONTE","24 ORE: DALLE 21.00 DEL 16/12 ALLE 21.00 DEL 17/12","Regionale","","06/11/2015","Piemonte","Tutte","06/11/2015 14:58"
"","In Programma","17/12/2015","17/12/2015","OSR ORSA FERROVIE","Ferroviario","PERSONALE ADDETTO ALLA VDCS DELLA SOC. TRENITALIA DIV. PASSEGGERI LH IMPIANTI DI TORINO PORTA NUOVA E PORTA SUSA","4 ORE: DALLE 11.30 ALLE 15.30","Aziendale","","16/11/2015","Piemonte","Torino","16/11/2015 17:42"